The files belonging to this database system will be owned by user "postgres".
This user must also own the server process.

The database cluster will be initialized with locale "en_US.utf8".
The default database encoding has accordingly been set to "UTF8".
The default text search configuration will be set to "english".

Data page checksums are disabled.

fixing permissions on existing directory /var/lib/postgresql/data ... ok
creating subdirectories ... ok
selecting dynamic shared memory implementation ... posix
selecting default max_connections ... 100
selecting default shared_buffers ... 128MB
selecting default time zone ... UTC
creating configuration files ... ok
running bootstrap script ... ok
performing post-bootstrap initialization ... ok
syncing data to disk ... ok


Success. You can now start the database server using:

    pg_ctl -D /var/lib/postgresql/data -l logfile start

waiting for server to start....2026-09-25 14:53:21.747 UTC [43] LOG:  starting PostgreSQL 16.15 on x86_64-pc-linux-musl, compiled by gcc (Alpine 15.2.0) 15.2.0, 64-bit
2026-09-25 14:53:21.748 UTC [43] LOG:  listening on Unix socket "/var/run/postgresql/.s.PGSQL.5432"
2026-09-25 14:53:21.751 UTC [46] LOG:  database system was shut down at 2026-09-25 14:53:21 UTC
2026-09-25 14:53:21.756 UTC [43] LOG:  database system is ready to accept connections
 done
server started

/usr/local/bin/docker-entrypoint.sh: ignoring /docker-entrypoint-initdb.d/*

waiting for server to shut down....2026-09-25 14:53:21.853 UTC [43] LOG:  received fast shutdown request
2026-09-25 14:53:21.853 UTC [43] LOG:  aborting any active transactions
2026-09-25 14:53:21.856 UTC [43] LOG:  background worker "logical replication launcher" (PID 49) exited with exit code 1
2026-09-25 14:53:21.856 UTC [44] LOG:  shutting down
2026-09-25 14:53:21.856 UTC [44] LOG:  checkpoint starting: shutdown immediate
2026-09-25 14:53:21.856 UTC [44] LOG:  checkpoint complete: wrote 3 buffers (0.1%); 0 WAL file(s) added, 0 removed, 0 recycled; write=0.001 s, sync=0.001 s, total=0.001 s; sync files=2, longest=0.001 s, average=0.001 s; distance=0 kB, estimate=0 kB; lsn=0/14F7128, redo lsn=0/14F7128
2026-09-25 14:53:21.860 UTC [43] LOG:  database system is shut down
 done
server stopped

PostgreSQL init process complete; ready for start up.

********************************************************************************
WARNING: POSTGRES_HOST_AUTH_METHOD has been set to "trust". This will allow
         anyone with access to the Postgres port to access your database without
         a password, even if POSTGRES_PASSWORD is set. See PostgreSQL
         documentation about "trust":
         https://www.postgresql.org/docs/current/auth-trust.html
         In Docker's default configuration, this is effectively any other
         container on the same system.

         It is not recommended to use POSTGRES_HOST_AUTH_METHOD=trust. Replace
         it with "-e POSTGRES_PASSWORD=password" instead to set a password in
         "docker run".
********************************************************************************
sh: locale: not found
2026-09-25 14:53:21.280 UTC [37] WARNING:  no usable system locales were found
initdb: warning: enabling "trust" authentication for local connections
initdb: hint: You can change this by editing pg_hba.conf or using the option -A, or --auth-local and --auth-host, the next time you run initdb.
2026-09-25 14:53:21.970 UTC [1] LOG:  starting PostgreSQL 16.15 on x86_64-pc-linux-musl, compiled by gcc (Alpine 15.2.0) 15.2.0, 64-bit
2026-09-25 14:53:21.970 UTC [1] LOG:  listening on IPv4 address "0.0.0.0", port 5432
2026-09-25 14:53:21.970 UTC [1] LOG:  listening on IPv6 address "::", port 5432
2026-09-25 14:53:21.971 UTC [1] LOG:  listening on Unix socket "/var/run/postgresql/.s.PGSQL.5432"
2026-09-25 14:53:21.973 UTC [57] LOG:  database system was shut down at 2026-09-25 14:53:21 UTC
2026-09-25 14:53:21.978 UTC [1] LOG:  database system is ready to accept connections
2026-09-25 14:53:22.773 UTC [55] LOG:  checkpoint starting: immediate force wait
2026-09-25 14:53:22.773 UTC [55] LOG:  checkpoint complete: wrote 6 buffers (0.1%); 0 WAL file(s) added, 0 removed, 0 recycled; write=0.001 s, sync=0.001 s, total=0.001 s; sync files=5, longest=0.001 s, average=0.001 s; distance=4945 kB, estimate=4945 kB; lsn=0/19CB840, redo lsn=0/19CB808
2026-09-25 14:53:24.062 UTC [207] ERROR:  legacy job writes are disabled after Phase 2.3 canonical rewrite
2026-09-25 14:53:24.062 UTC [207] CONTEXT:  PL/pgSQL function rick_require_canonical_job_write() line 4 at RAISE
2026-09-25 14:53:24.062 UTC [207] STATEMENT:  
	        INSERT INTO rick_ingestion_jobs(job_id,idempotency_key,tenant_id,workspace_id,collection_id,
	            document_id,status,attempts,created_at,updated_at,available_at,payload,result,
	            contract_state,lease_owner,lease_until)
	        VALUES ($1,$2,'tenant','workspace','collection','document',$3,$4,
	            '2026-01-01 00:00:00+00','2026-01-01 00:01:00+00','2026-01-01 00:00:00+00',
	            $5,$6,$7,$8,CASE WHEN $9 THEN NOW()+INTERVAL '1 hour' ELSE '2026-01-01 00:00:30+00'::timestamptz END)
	    
2026-09-25 14:53:24.071 UTC [208] ERROR:  job attempt history is append-only
2026-09-25 14:53:24.071 UTC [208] CONTEXT:  PL/pgSQL function rick_guard_job_attempt_delete() line 8 at RAISE
2026-09-25 14:53:24.071 UTC [208] STATEMENT:  DELETE FROM rick_ingestion_job_attempts WHERE job_id='published'
2026-09-25 14:53:24.292 UTC [55] LOG:  checkpoint starting: immediate force wait
2026-09-25 14:53:24.299 UTC [55] LOG:  checkpoint complete: wrote 5 buffers (0.1%); 1 WAL file(s) added, 0 removed, 0 recycled; write=0.001 s, sync=0.001 s, total=0.007 s; sync files=4, longest=0.001 s, average=0.001 s; distance=4987 kB, estimate=4987 kB; lsn=0/1EAA458, redo lsn=0/1EAA420
2026-09-25 14:53:25.353 UTC [55] LOG:  checkpoint starting: immediate force wait
2026-09-25 14:53:25.353 UTC [55] LOG:  checkpoint complete: wrote 5 buffers (0.1%); 0 WAL file(s) added, 0 removed, 1 recycled; write=0.001 s, sync=0.001 s, total=0.001 s; sync files=4, longest=0.001 s, average=0.001 s; distance=4950 kB, estimate=4983 kB; lsn=0/237FCC8, redo lsn=0/237FC90
2026-09-25 14:53:26.380 UTC [55] LOG:  checkpoint starting: immediate force wait
2026-09-25 14:53:26.381 UTC [55] LOG:  checkpoint complete: wrote 5 buffers (0.1%); 0 WAL file(s) added, 0 removed, 0 recycled; write=0.001 s, sync=0.001 s, total=0.001 s; sync files=4, longest=0.001 s, average=0.001 s; distance=4951 kB, estimate=4980 kB; lsn=0/2855AC0, redo lsn=0/2855A88
2026-09-25 14:53:26.759 UTC [443] ERROR:  function jsonb_object_length(jsonb) does not exist at character 1
2026-09-25 14:53:26.759 UTC [443] HINT:  No function matches the given name and argument types. You might need to add explicit type casts.
2026-09-25 14:53:26.759 UTC [443] QUERY:  jsonb_object_length(target_payload) > 32
	           OR EXISTS (
	               SELECT 1
	               FROM jsonb_each_text(target_payload) AS payload_item(key, value)
	               WHERE jsonb_typeof(target_payload -> payload_item.key) <> 'string'
	                  OR length(payload_item.key) = 0
	                  OR length(payload_item.key) > 64
	                  OR payload_item.key !~ '^[a-z][a-z0-9_.:-]{0,63}$'
	                  OR payload_item.key ~* '(api[_-]?key|authorization|bearer|credential|password|pem|prompt|private|provider[_-]?(response|result)|raw[_-]?content|response|secret|token)'
	                  OR (
	                      payload_item.key NOT IN (
	                          'attempt_id', 'byte_size', 'bytes', 'checksum', 'chunk_id',
	                          'collection_id', 'document_id', 'etag', 'filename', 'hash',
	                          'index_version', 'job_id', 'lease_id', 'mime_type', 'model_id',
	                          'object_key', 'operation', 'page', 'provider_id', 'schema_version',
	                          'section', 'size', 'source_key', 'stage', 'state', 'status',
	                          'tenant_id', 'trace_id', 'uri', 'url', 'version', 'vector_id',
	                          'workspace_id'
	                      )
	                      AND payload_item.key !~ '(_id|_key|_ref|_version|_hash|_checksum|_uri|_url)$'
	                  )
	                  OR length(payload_item.value) = 0
	                  OR length(payload_item.value) > 512
	                  OR payload_item.value !~ '^[A-Za-z0-9][A-Za-z0-9_.:/@?=&%+~,\-]{0,511}$'
	                  OR payload_item.value ~* '(^|[^a-z0-9])(sk|pk|rk|ghp|glpat|xox[baprs])_[a-z0-9_-]*($|[^a-z0-9])'
	                  OR payload_item.value ~* '(bearer|basic)[[:space:]]+[a-z0-9._~+/=-]{8,}'
	                  OR payload_item.value ~* '(api[_-]?key|authorization|password|secret|token|private[_[:space:]-]?key)[[:space:]]*[:=]'
	                  OR payload_item.value ~* '(raw[-_.[:space:]]?(document[-_.[:space:]]?)?(content|body|text))'
	                  OR payload_item.value ~* '((full[-_.[:space:]]?)?document[-_.[:space:]]?(content|body|text))'
	                  OR payload_item.value ~* '(provider[-_.[:space:]]?(response|result))'
	                  OR payload_item.value ~* '-----begin[-_[:space:]]*(private|secret)?[-_[:space:]]*key-----'
	           )
2026-09-25 14:53:26.759 UTC [443] CONTEXT:  PL/pgSQL function inline_code_block line 140 at IF
2026-09-25 14:53:26.759 UTC [443] STATEMENT:  -- Phase 2.3: move the last legacy job rows into the canonical contract.
	--
	-- Migration 0004 deliberately left pre-existing rows in a NULL
	-- contract_state lane. This migration is the one-time, replayable caller
	-- switch: it creates a bounded attempt history before exposing each row to
	-- canonical claims. It fails closed for unknown states, impossible attempt
	-- counts, or an already populated canonical attempt table.
	
	DO $$
	DECLARE
	    job_row RECORD;
	    observed_attempts INTEGER;
	    effective_max_attempts INTEGER;
	    attempt_no INTEGER;
	    attempt_started TIMESTAMPTZ;
	    attempt_finished TIMESTAMPTZ;
	    attempt_state TEXT;
	    attempt_failure JSONB;
	    target_state TEXT;
	    target_status TEXT;
	    target_payload JSONB;
	    target_result JSONB;
	    target_failure JSONB;
	    lease_worker TEXT;
	    lease_acquired TIMESTAMPTZ;
	    lease_expires TIMESTAMPTZ;
	    retryable_failure BOOLEAN;
	    canonical_document_id TEXT;
	    rewrite_event_id TEXT;
	    rewrite_metadata JSONB;
	BEGIN
	    -- Legacy writers take the same transaction advisory lock before their
	    -- enqueue. This closes the scan-to-trigger window during the caller switch.
	    PERFORM pg_advisory_xact_lock(hashtext('rick-intelligence:jobs-canonical-rewrite'));
	
	    IF EXISTS (
	        SELECT 1
	        FROM rick_ingestion_jobs j
	        JOIN rick_ingestion_job_attempts a ON a.job_id = j.job_id
	        WHERE j.contract_state IS NULL
	    ) THEN
	        RAISE EXCEPTION
	            'legacy jobs already have attempt rows; reconcile before Phase 2.3 rewrite';
	    END IF;
	
	    IF EXISTS (
	        SELECT 1
	        FROM rick_ingestion_jobs
	        WHERE contract_state IS NULL
	          AND status NOT IN ('queued', 'leased', 'processing', 'published',
	                             'acked', 'failed', 'dead', 'cancelled')
	    ) THEN
	        RAISE EXCEPTION 'legacy jobs contain an unknown status';
	    END IF;
	
	    IF EXISTS (
	        SELECT 1
	        FROM rick_ingestion_jobs
	        WHERE contract_state IS NULL
	          AND (attempts < 0 OR attempts > 64)
	    ) THEN
	        RAISE EXCEPTION 'legacy jobs contain an attempt count outside 0..64';
	    END IF;
	
	    IF EXISTS (
	        SELECT 1
	        FROM rick_ingestion_jobs
	        WHERE contract_state IS NULL
	          AND (updated_at < created_at OR available_at < created_at)
	    ) THEN
	        RAISE EXCEPTION 'legacy jobs contain timestamps outside the canonical lifetime';
	    END IF;
	
	    IF EXISTS (
	        SELECT 1
	        FROM rick_ingestion_jobs
	        WHERE contract_state IS NULL
	          AND (
	              job_id !~ '^[A-Za-z0-9][A-Za-z0-9_.:-]{0,127}$'
	              OR tenant_id !~ '^[A-Za-z0-9][A-Za-z0-9_.:-]{0,127}$'
	              OR workspace_id !~ '^[A-Za-z0-9][A-Za-z0-9_.:-]{0,127}$'
	              OR collection_id !~ '^[A-Za-z0-9][A-Za-z0-9_.:-]{0,127}$'
	              OR idempotency_key !~ '^[A-Za-z0-9][A-Za-z0-9_.:-]{0,127}$'
	          )
	    ) THEN
	        RAISE EXCEPTION 'legacy jobs contain an identifier or scope outside the canonical contract';
	    END IF;
	
	    IF EXISTS (
	        SELECT 1
	        FROM rick_ingestion_jobs
	        WHERE contract_state IS NULL
	          AND (
	              operation IS NULL
	              OR length(operation) = 0
	              OR length(operation) > 64
	              OR operation ~ '[[:cntrl:]]'
	              OR operation !~ '^[A-Za-z0-9][A-Za-z0-9_.:-]{0,63}$'
	          )
	    ) THEN
	        RAISE EXCEPTION 'legacy jobs contain an operation outside the canonical contract';
	    END IF;
	
	    FOR job_row IN
	        SELECT *
	        FROM rick_ingestion_jobs
	        WHERE contract_state IS NULL
	        ORDER BY created_at, job_id
	        FOR UPDATE
	    LOOP
	        effective_max_attempts := GREATEST(1, COALESCE(job_row.max_attempts, 3));
	        observed_attempts := GREATEST(0, COALESCE(job_row.attempts, 0));
	        IF observed_attempts > effective_max_attempts THEN
	            effective_max_attempts := observed_attempts;
	        END IF;
	
	        target_state := 'QUEUED';
	        target_status := 'queued';
	        target_payload := COALESCE(job_row.payload, '{}'::jsonb);
	        target_result := NULL;
	        target_failure := NULL;
	        canonical_document_id := NULLIF(job_row.document_id, '');
	        lease_worker := NULL;
	        lease_acquired := NULL;
	        lease_expires := NULL;
	        retryable_failure := TRUE;
	
	        IF jsonb_typeof(target_payload) <> 'object' THEN
	            RAISE EXCEPTION 'legacy job % payload is not a JSON object', job_row.job_id;
	        END IF;
	        IF target_payload ? 'display_filename' THEN
	            IF target_payload ? 'filename_ref' THEN
	                RAISE EXCEPTION 'legacy job % has conflicting filename references', job_row.job_id;
	            END IF;
	            IF jsonb_typeof(target_payload -> 'display_filename') <> 'string' THEN
	                RAISE EXCEPTION 'legacy job % display filename is not text', job_row.job_id;
	            END IF;
	            target_payload := (target_payload - 'display_filename') || jsonb_build_object(
	                'filename_ref', replace(
	                    replace(encode(convert_to(target_payload ->> 'display_filename', 'UTF8'), 'base64'), E'\n', ''),
	                    E'\r', ''
	                )
	            );
	        END IF;
	        IF target_payload ->> 'document_id' = '' THEN
	            target_payload := target_payload - 'document_id';
	        END IF;
	        IF jsonb_object_length(target_payload) > 32
	           OR EXISTS (
	               SELECT 1
	               FROM jsonb_each_text(target_payload) AS payload_item(key, value)
	               WHERE jsonb_typeof(target_payload -> payload_item.key) <> 'string'
	                  OR length(payload_item.key) = 0
	                  OR length(payload_item.key) > 64
	                  OR payload_item.key !~ '^[a-z][a-z0-9_.:-]{0,63}$'
	                  OR payload_item.key ~* '(api[_-]?key|authorization|bearer|credential|password|pem|prompt|private|provider[_-]?(response|result)|raw[_-]?content|response|secret|token)'
	                  OR (
	                      payload_item.key NOT IN (
	                          'attempt_id', 'byte_size', 'bytes', 'checksum', 'chunk_id',
	                          'collection_id', 'document_id', 'etag', 'filename', 'hash',
	                          'index_version', 'job_id', 'lease_id', 'mime_type', 'model_id',
	                          'object_key', 'operation', 'page', 'provider_id', 'schema_version',
	                          'section', 'size', 'source_key', 'stage', 'state', 'status',
	                          'tenant_id', 'trace_id', 'uri', 'url', 'version', 'vector_id',
	                          'workspace_id'
	                      )
	                      AND payload_item.key !~ '(_id|_key|_ref|_version|_hash|_checksum|_uri|_url)$'
	                  )
	                  OR length(payload_item.value) = 0
	                  OR length(payload_item.value) > 512
	                  OR payload_item.value !~ '^[A-Za-z0-9][A-Za-z0-9_.:/@?=&%+~,\-]{0,511}$'
	                  OR payload_item.value ~* '(^|[^a-z0-9])(sk|pk|rk|ghp|glpat|xox[baprs])_[a-z0-9_-]*($|[^a-z0-9])'
	                  OR payload_item.value ~* '(bearer|basic)[[:space:]]+[a-z0-9._~+/=-]{8,}'
	                  OR payload_item.value ~* '(api[_-]?key|authorization|password|secret|token|private[_[:space:]-]?key)[[:space:]]*[:=]'
	                  OR payload_item.value ~* '(raw[-_.[:space:]]?(document[-_.[:space:]]?)?(content|body|text))'
	                  OR payload_item.value ~* '((full[-_.[:space:]]?)?document[-_.[:space:]]?(content|body|text))'
	                  OR payload_item.value ~* '(provider[-_.[:space:]]?(response|result))'
	                  OR payload_item.value ~* '-----begin[-_[:space:]]*(private|secret)?[-_[:space:]]*key-----'
	           ) THEN
	            RAISE EXCEPTION 'legacy job % payload violates the bounded jobs contract', job_row.job_id;
	        END IF;
	
	        IF job_row.status IN ('published', 'acked') THEN
	            target_state := 'SUCCEEDED';
	            target_status := 'published';
	            observed_attempts := GREATEST(1, observed_attempts);
	            target_result := COALESCE(
	                job_row.result,
	                jsonb_build_object(
	                    'output_refs', '{}'::jsonb,
	                    'document_id', NULLIF(job_row.document_id, ''),
	                    'completed_at', EXTRACT(EPOCH FROM job_row.updated_at)
	                )
	            );
	            IF jsonb_typeof(target_result) <> 'object'
	               OR (target_result ? 'output_refs'
	                   AND jsonb_typeof(target_result -> 'output_refs') <> 'object')
	               OR NOT (target_result ? 'completed_at')
	               OR jsonb_typeof(target_result -> 'completed_at') <> 'number'
	               OR (target_result ->> 'completed_at')::DOUBLE PRECISION
	                    < EXTRACT(EPOCH FROM job_row.created_at)
	               OR (target_result ->> 'completed_at')::DOUBLE PRECISION
	                    > EXTRACT(EPOCH FROM job_row.updated_at) THEN
	                RAISE EXCEPTION 'legacy job % result violates the completed result contract', job_row.job_id;
	            END IF;
	            IF target_result ? 'document_id' THEN
	                IF jsonb_typeof(target_result -> 'document_id') NOT IN ('string', 'null')
	                   OR (jsonb_typeof(target_result -> 'document_id') = 'string'
	                       AND target_result ->> 'document_id' <> ''
	                       AND target_result ->> 'document_id'
	                           !~ '^[A-Za-z0-9][A-Za-z0-9_.:-]{0,127}$') THEN
	                    RAISE EXCEPTION 'legacy job % result document reference is invalid', job_row.job_id;
	                END IF;
	                IF jsonb_typeof(target_result -> 'document_id') = 'null'
	                   OR target_result ->> 'document_id' = '' THEN
	                    target_result := target_result - 'document_id';
	                ELSE
	                    IF canonical_document_id IS NOT NULL
	                       AND canonical_document_id <> (target_result ->> 'document_id') THEN
	                        RAISE EXCEPTION 'legacy job % result document reference conflicts with the job document', job_row.job_id;
	                    END IF;
	                    canonical_document_id := target_result ->> 'document_id';
	                END IF;
	            END IF;
	            IF target_result ? 'output_refs'
	               AND (
	                   jsonb_object_length(target_result -> 'output_refs') > 32
	                   OR EXISTS (
	                       SELECT 1
	                       FROM jsonb_each_text(target_result -> 'output_refs') AS result_item(key, value)
	                       WHERE jsonb_typeof((target_result -> 'output_refs') -> result_item.key) <> 'string'
	                          OR length(result_item.key) = 0
	                          OR length(result_item.key) > 64
	                          OR result_item.key !~ '^[a-z][a-z0-9_.:-]{0,63}$'
	                          OR result_item.key ~* '(api[_-]?key|authorization|bearer|credential|password|pem|prompt|private|provider[_-]?(response|result)|raw[_-]?content|response|secret|token)'
	                          OR (
	                              result_item.key NOT IN (
	                                  'attempt_id', 'byte_size', 'bytes', 'checksum', 'chunk_id',
	                                  'collection_id', 'document_id', 'etag', 'filename', 'hash',
	                                  'index_version', 'job_id', 'lease_id', 'mime_type', 'model_id',
	                                  'object_key', 'operation', 'page', 'provider_id', 'schema_version',
	                                  'section', 'size', 'source_key', 'stage', 'state', 'status',
	                                  'tenant_id', 'trace_id', 'uri', 'url', 'version', 'vector_id',
	                                  'workspace_id'
	                              )
	                              AND result_item.key !~ '(_id|_key|_ref|_version|_hash|_checksum|_uri|_url)$'
	                          )
	                          OR length(result_item.value) = 0
	                          OR length(result_item.value) > 512
	                          OR result_item.value !~ '^[A-Za-z0-9][A-Za-z0-9_.:/@?=&%+~,\-]{0,511}$'
	                          OR result_item.value ~* '(^|[^a-z0-9])(sk|pk|rk|ghp|glpat|xox[baprs])_[a-z0-9_-]*($|[^a-z0-9])'
	                          OR result_item.value ~* '(bearer|basic)[[:space:]]+[a-z0-9._~+/=-]{8,}'
	                          OR result_item.value ~* '(api[_-]?key|authorization|password|secret|token|private[_[:space:]-]?key)[[:space:]]*[:=]'
	                          OR result_item.value ~* '(raw[-_.[:space:]]?(document[-_.[:space:]]?)?(content|body|text))'
	                          OR result_item.value ~* '((full[-_.[:space:]]?)?document[-_.[:space:]]?(content|body|text))'
	                          OR result_item.value ~* '(provider[-_.[:space:]]?(response|result))'
	                          OR result_item.value ~* '-----begin[-_[:space:]]*(private|secret)?[-_[:space:]]*key-----'
	                   )
	               ) THEN
	                RAISE EXCEPTION 'legacy job % result references violate the bounded metadata contract', job_row.job_id;
	            END IF;
	        ELSIF job_row.status = 'cancelled' THEN
	            target_state := 'CANCELLED';
	            target_status := 'cancelled';
	        ELSIF job_row.status = 'dead' THEN
	            target_state := 'DEAD_LETTER';
	            target_status := 'dead';
	            observed_attempts := GREATEST(1, observed_attempts);
	            retryable_failure := FALSE;
	        ELSIF job_row.status IN ('leased', 'processing')
	              AND job_row.lease_owner IS NOT NULL
	              AND job_row.lease_until IS NOT NULL
	              AND job_row.lease_until > COALESCE(job_row.lease_acquired_at, job_row.created_at)
	              AND job_row.lease_until > clock_timestamp() THEN
	            target_state := 'RUNNING';
	            target_status := 'processing';
	            observed_attempts := GREATEST(1, observed_attempts);
	            lease_worker := COALESCE(
	                job_row.lease_worker_id,
	                split_part(job_row.lease_owner, ':', 1),
	                'legacy-migration'
	            );
	            lease_acquired := COALESCE(
	                job_row.lease_acquired_at,
	                job_row.created_at
	            );
	            lease_expires := job_row.lease_until;
	        ELSIF job_row.status IN ('failed', 'dead')
	              AND observed_attempts >= effective_max_attempts THEN
	            target_state := 'DEAD_LETTER';
	            target_status := 'dead';
	            observed_attempts := GREATEST(1, observed_attempts);
	            retryable_failure := FALSE;
	        ELSIF job_row.status IN ('queued', 'leased', 'processing')
	              AND observed_attempts >= effective_max_attempts
	              AND observed_attempts > 0 THEN
	            target_state := 'DEAD_LETTER';
	            target_status := 'dead';
	            retryable_failure := FALSE;
	        ELSIF job_row.status IN ('failed', 'leased', 'processing') THEN
	            -- Expired or failed legacy work is made claimable after a
	            -- synthetic finished attempt. The canonical queue will apply its
	            -- normal retry policy from this point onward.
	            target_state := 'QUEUED';
	            target_status := 'queued';
	            observed_attempts := GREATEST(1, observed_attempts);
	        END IF;
	
	        IF target_state = 'RUNNING' THEN
	            -- The active attempt is materialized below with a NULL finish.
	            NULL;
	        END IF;
	
	        FOR attempt_no IN 1..observed_attempts LOOP
	            attempt_started := job_row.created_at
	                + ((job_row.updated_at - job_row.created_at)
	                   * ((attempt_no - 1)::DOUBLE PRECISION / observed_attempts));
	            IF target_state = 'RUNNING' AND attempt_no = observed_attempts THEN
	                attempt_state := 'RUNNING';
	                attempt_finished := NULL;
	                attempt_failure := NULL;
	            ELSIF target_state = 'SUCCEEDED' AND attempt_no = observed_attempts THEN
	                attempt_state := 'SUCCEEDED';
	                attempt_finished := GREATEST(attempt_started, job_row.updated_at);
	                attempt_failure := NULL;
	            ELSIF target_state = 'CANCELLED' AND attempt_no = observed_attempts THEN
	                attempt_state := 'CANCELLED';
	                attempt_finished := GREATEST(attempt_started, job_row.updated_at);
	                attempt_failure := NULL;
	            ELSE
	                attempt_state := 'FAILED';
	                attempt_finished := GREATEST(
	                    attempt_started,
	                    job_row.created_at
	                        + ((job_row.updated_at - job_row.created_at)
	                           * (attempt_no::DOUBLE PRECISION / observed_attempts))
	                );
	                attempt_failure := jsonb_build_object(
	                    'code', CASE
	                        WHEN job_row.last_error_code IN (
	                            'provider_timeout', 'provider_unavailable',
	                            'storage_unavailable', 'lock_unavailable',
	                            'validation_error', 'ingestion_failed',
	                            'cancelled', 'recovery_required'
	                        ) THEN job_row.last_error_code
	                        ELSE 'legacy_failure'
	                    END,
	                    'message', CASE
	                        WHEN target_state = 'DEAD_LETTER'
	                            THEN 'legacy job exhausted its bounded retry history'
	                        WHEN attempt_no = observed_attempts AND retryable_failure
	                            THEN 'legacy job requires a bounded retry'
	                        ELSE 'legacy failure reconstructed during canonical migration'
	                    END,
	                    'retryable', retryable_failure,
	                    'attempt', attempt_no,
	                    'occurred_at', EXTRACT(EPOCH FROM attempt_finished)
	                );
	            END IF;
	
	            INSERT INTO rick_ingestion_job_attempts
	                (job_id, attempt_no, worker_id, state, started_at,
	                 finished_at, failure)
	            VALUES (
	                job_row.job_id,
	                attempt_no,
	                COALESCE(lease_worker, 'legacy-migration'),
	                attempt_state,
	                attempt_started,
	                attempt_finished,
	                attempt_failure
	            );
	        END LOOP;
	
	        IF target_state IN ('DEAD_LETTER', 'QUEUED') THEN
	            target_failure := CASE
	                WHEN target_state = 'DEAD_LETTER' THEN jsonb_build_object(
	                    'code', CASE
	                        WHEN job_row.last_error_code IN (
	                            'provider_timeout', 'provider_unavailable',
	                            'storage_unavailable', 'lock_unavailable',
	                            'validation_error', 'ingestion_failed',
	                            'cancelled', 'recovery_required'
	                        ) THEN job_row.last_error_code
	                        ELSE 'legacy_failure'
	                    END,
	                    'message', 'legacy job exhausted its bounded retry history',
	                    'retryable', FALSE,
	                    'attempt', observed_attempts,
	                    'occurred_at', EXTRACT(EPOCH FROM job_row.updated_at)
	                )
	                ELSE NULL
	            END;
	        END IF;
	
	        UPDATE rick_ingestion_jobs
	        SET contract_state = target_state,
	            contract_version = 'jobs-contract-v1',
	            document_id = canonical_document_id,
	            payload = target_payload,
	            max_attempts = effective_max_attempts,
	            attempts = observed_attempts,
	            status = target_status,
	            result = target_result,
	            failure = target_failure,
	            lease_worker_id = lease_worker,
	            lease_acquired_at = lease_acquired,
	            lease_until = lease_expires,
	            lease_owner = CASE WHEN target_state = 'RUNNING' THEN job_row.lease_owner ELSE NULL END,
	            updated_at = GREATEST(job_row.updated_at, job_row.created_at)
	        WHERE job_id = job_row.job_id;
	
	        -- Preserve the same durable projection contract used by canonical
	        -- mutations. The migration itself is observable and replay-safe: one
	        -- stable event id fans out to lifecycle, outbox, and audit records.
	        rewrite_event_id := format('job:%s:legacy-rewritten', job_row.job_id);
	        rewrite_metadata := jsonb_build_object(
	            'contract_version', 'jobs-contract-v1',
	            'migration', '0005_rewrite_legacy_jobs',
	            'legacy_status', job_row.status,
	            'state', target_state,
	            'attempt_count', observed_attempts,
	            'max_attempts', effective_max_attempts
	        );
	        INSERT INTO rick_ingestion_job_events
	            (event_id, job_id, tenant_id, workspace_id, collection_id,
	             event_type, from_state, to_state, version, metadata)
	        VALUES (
	            rewrite_event_id,
	            job_row.job_id,
	            job_row.tenant_id,
	            job_row.workspace_id,
	            job_row.collection_id,
	            'legacy_rewritten',
	            NULL,
	            target_state,
	            job_row.version,
	            rewrite_metadata
	        )
	        ON CONFLICT (event_id) DO NOTHING;
	        INSERT INTO rick_outbox
	            (event_id, tenant_id, aggregate_type, aggregate_id, event_type, payload)
	        VALUES (
	            rewrite_event_id,
	            job_row.tenant_id,
	            'job',
	            job_row.job_id,
	            'jobs.legacy_rewritten',
	            rewrite_metadata
	        )
	        ON CONFLICT (event_id) DO NOTHING;
	        INSERT INTO rick_audit_events
	            (event_id, tenant_id, actor_user_id, action, target_type,
	             target_id, workspace_id, metadata)
	        VALUES (
	            rewrite_event_id,
	            job_row.tenant_id,
	            NULL,
	            'jobs.legacy_rewritten',
	            'job',
	            job_row.job_id,
	            job_row.workspace_id,
	            rewrite_metadata
	        )
	        ON CONFLICT (event_id) DO NOTHING;
	    END LOOP;
	END $$;
	
	-- Every row is canonical after this point. A follow-up deployment must not
	-- reintroduce the legacy writer; the compatibility facade is read-only until
	-- all callers have moved to rick_jobs.
	DO $$
	BEGIN
	    IF EXISTS (SELECT 1 FROM rick_ingestion_jobs WHERE contract_state IS NULL) THEN
	        RAISE EXCEPTION 'Phase 2.3 legacy job rewrite left NULL contract rows';
	    END IF;
	END $$;
	
	-- The old facade remains importable for rollback/read compatibility, but it
	-- must not recreate a second writable authority after this migration.
	CREATE OR REPLACE FUNCTION rick_require_canonical_job_write()
	RETURNS trigger
	LANGUAGE plpgsql
	AS $$
	BEGIN
	    IF NEW.contract_state IS NULL THEN
	        RAISE EXCEPTION
	            'legacy job writes are disabled after Phase 2.3 canonical rewrite';
	    END IF;
	    RETURN NEW;
	END;
	$$;
	
	DROP TRIGGER IF EXISTS rick_require_canonical_job_write_trg ON rick_ingestion_jobs;
	CREATE TRIGGER rick_require_canonical_job_write_trg
	BEFORE INSERT OR UPDATE ON rick_ingestion_jobs
	FOR EACH ROW EXECUTE FUNCTION rick_require_canonical_job_write();
	
2026-09-25 14:53:27.044 UTC [55] LOG:  checkpoint starting: immediate force wait
2026-09-25 14:53:27.044 UTC [55] LOG:  checkpoint complete: wrote 5 buffers (0.1%); 0 WAL file(s) added, 0 removed, 0 recycled; write=0.001 s, sync=0.001 s, total=0.001 s; sync files=4, longest=0.001 s, average=0.001 s; distance=4954 kB, estimate=4977 kB; lsn=0/2D2C670, redo lsn=0/2D2C638
2026-09-25 14:53:27.675 UTC [55] LOG:  checkpoint starting: immediate force wait
2026-09-25 14:53:27.675 UTC [55] LOG:  checkpoint complete: wrote 5 buffers (0.1%); 0 WAL file(s) added, 0 removed, 1 recycled; write=0.001 s, sync=0.001 s, total=0.001 s; sync files=4, longest=0.001 s, average=0.001 s; distance=4952 kB, estimate=4975 kB; lsn=0/32026A0, redo lsn=0/3202668
2026-09-25 14:53:28.219 UTC [55] LOG:  checkpoint starting: immediate force wait
2026-09-25 14:53:28.220 UTC [55] LOG:  checkpoint complete: wrote 5 buffers (0.1%); 0 WAL file(s) added, 0 removed, 0 recycled; write=0.001 s, sync=0.001 s, total=0.001 s; sync files=4, longest=0.001 s, average=0.001 s; distance=4923 kB, estimate=4969 kB; lsn=0/36D1350, redo lsn=0/36D1318
2026-09-25 14:53:28.766 UTC [55] LOG:  checkpoint starting: immediate force wait
2026-09-25 14:53:28.766 UTC [55] LOG:  checkpoint complete: wrote 5 buffers (0.1%); 0 WAL file(s) added, 0 removed, 0 recycled; write=0.001 s, sync=0.001 s, total=0.001 s; sync files=4, longest=0.001 s, average=0.001 s; distance=4923 kB, estimate=4965 kB; lsn=0/3BA0108, redo lsn=0/3BA00D0
2026-09-25 14:53:29.319 UTC [55] LOG:  checkpoint starting: immediate force wait
2026-09-25 14:53:29.320 UTC [55] LOG:  checkpoint complete: wrote 5 buffers (0.1%); 0 WAL file(s) added, 0 removed, 1 recycled; write=0.001 s, sync=0.001 s, total=0.001 s; sync files=4, longest=0.001 s, average=0.001 s; distance=4923 kB, estimate=4961 kB; lsn=0/406EEE8, redo lsn=0/406EEB0
2026-09-25 14:53:29.866 UTC [55] LOG:  checkpoint starting: immediate force wait
2026-09-25 14:53:29.866 UTC [55] LOG:  checkpoint complete: wrote 5 buffers (0.1%); 0 WAL file(s) added, 0 removed, 0 recycled; write=0.001 s, sync=0.001 s, total=0.001 s; sync files=4, longest=0.001 s, average=0.001 s; distance=4923 kB, estimate=4957 kB; lsn=0/453DDA8, redo lsn=0/453DD70
2026-09-25 14:53:30.466 UTC [55] LOG:  checkpoint starting: immediate force wait
2026-09-25 14:53:30.467 UTC [55] LOG:  checkpoint complete: wrote 5 buffers (0.1%); 0 WAL file(s) added, 0 removed, 0 recycled; write=0.001 s, sync=0.001 s, total=0.001 s; sync files=4, longest=0.001 s, average=0.001 s; distance=4924 kB, estimate=4953 kB; lsn=0/4A0CDA8, redo lsn=0/4A0CD70
2026-09-25 14:53:31.064 UTC [55] LOG:  checkpoint starting: immediate force wait
2026-09-25 14:53:31.064 UTC [55] LOG:  checkpoint complete: wrote 5 buffers (0.1%); 0 WAL file(s) added, 0 removed, 0 recycled; write=0.001 s, sync=0.001 s, total=0.001 s; sync files=4, longest=0.001 s, average=0.001 s; distance=4924 kB, estimate=4951 kB; lsn=0/4EDBE80, redo lsn=0/4EDBE48
2026-09-25 14:53:31.593 UTC [55] LOG:  checkpoint starting: immediate force wait
2026-09-25 14:53:31.593 UTC [55] LOG:  checkpoint complete: wrote 5 buffers (0.1%); 0 WAL file(s) added, 0 removed, 1 recycled; write=0.001 s, sync=0.001 s, total=0.001 s; sync files=4, longest=0.001 s, average=0.001 s; distance=4924 kB, estimate=4948 kB; lsn=0/53AB058, redo lsn=0/53AB020
2026-09-25 14:53:32.154 UTC [55] LOG:  checkpoint starting: immediate force wait
2026-09-25 14:53:32.154 UTC [55] LOG:  checkpoint complete: wrote 5 buffers (0.1%); 0 WAL file(s) added, 0 removed, 0 recycled; write=0.001 s, sync=0.001 s, total=0.001 s; sync files=4, longest=0.001 s, average=0.001 s; distance=4924 kB, estimate=4945 kB; lsn=0/587A310, redo lsn=0/587A2D8
2026-09-25 14:53:32.701 UTC [55] LOG:  checkpoint starting: immediate force wait
2026-09-25 14:53:32.702 UTC [55] LOG:  checkpoint complete: wrote 5 buffers (0.1%); 0 WAL file(s) added, 0 removed, 0 recycled; write=0.001 s, sync=0.001 s, total=0.001 s; sync files=4, longest=0.001 s, average=0.001 s; distance=4924 kB, estimate=4943 kB; lsn=0/5D49650, redo lsn=0/5D49618
2026-09-25 14:53:33.263 UTC [55] LOG:  checkpoint starting: immediate force wait
2026-09-25 14:53:33.263 UTC [55] LOG:  checkpoint complete: wrote 5 buffers (0.1%); 0 WAL file(s) added, 0 removed, 1 recycled; write=0.001 s, sync=0.001 s, total=0.001 s; sync files=4, longest=0.001 s, average=0.001 s; distance=4925 kB, estimate=4941 kB; lsn=0/6218AA8, redo lsn=0/6218A70
2026-09-25 14:53:33.671 UTC [1020] ERROR:  RICK objects exist without migration history; inventory or restore is required
2026-09-25 14:53:33.671 UTC [1020] CONTEXT:  PL/pgSQL function inline_code_block line 11 at RAISE
2026-09-25 14:53:33.671 UTC [1020] STATEMENT:  DO $q24_history$
	                    BEGIN
	                        IF EXISTS (
	                            SELECT 1 FROM pg_class c
	                            JOIN pg_namespace n ON n.oid = c.relnamespace
	                            WHERE n.nspname = current_schema()
	                              AND c.relname LIKE 'rick\_%' ESCAPE '\'
	                              AND c.relname <> 'rick_schema_migrations'
	                              AND c.relkind IN ('r', 'p', 'v', 'm', 'S', 'f')
	                        ) THEN
	                            RAISE EXCEPTION 'RICK objects exist without migration history; inventory or restore is required';
	                        END IF;
	                    END $q24_history$;
2026-09-25 14:53:33.898 UTC [55] LOG:  checkpoint starting: immediate force wait
2026-09-25 14:53:33.898 UTC [55] LOG:  checkpoint complete: wrote 5 buffers (0.1%); 0 WAL file(s) added, 0 removed, 0 recycled; write=0.001 s, sync=0.001 s, total=0.001 s; sync files=4, longest=0.001 s, average=0.001 s; distance=4944 kB, estimate=4944 kB; lsn=0/66ECB68, redo lsn=0/66ECB30
2026-09-25 14:53:34.290 UTC [1067] ERROR:  RICK objects exist without migration history; inventory or restore is required
2026-09-25 14:53:34.290 UTC [1067] CONTEXT:  PL/pgSQL function inline_code_block line 11 at RAISE
2026-09-25 14:53:34.290 UTC [1067] STATEMENT:  DO $q24_history$
	                    BEGIN
	                        IF EXISTS (
	                            SELECT 1 FROM pg_class c
	                            JOIN pg_namespace n ON n.oid = c.relnamespace
	                            WHERE n.nspname = current_schema()
	                              AND c.relname LIKE 'rick\_%' ESCAPE '\'
	                              AND c.relname <> 'rick_schema_migrations'
	                              AND c.relkind IN ('r', 'p', 'v', 'm', 'S', 'f')
	                        ) THEN
	                            RAISE EXCEPTION 'RICK objects exist without migration history; inventory or restore is required';
	                        END IF;
	                    END $q24_history$;
2026-09-25 14:53:34.480 UTC [55] LOG:  checkpoint starting: immediate force wait
2026-09-25 14:53:34.481 UTC [55] LOG:  checkpoint complete: wrote 5 buffers (0.1%); 0 WAL file(s) added, 0 removed, 0 recycled; write=0.001 s, sync=0.001 s, total=0.001 s; sync files=4, longest=0.001 s, average=0.001 s; distance=4926 kB, estimate=4942 kB; lsn=0/6BBC758, redo lsn=0/6BBC720
2026-09-25 14:53:34.853 UTC [1115] ERROR:  recorded 0005 is missing enabled canonical job guards
2026-09-25 14:53:34.853 UTC [1115] CONTEXT:  PL/pgSQL function inline_code_block line 46 at RAISE
2026-09-25 14:53:34.853 UTC [1115] STATEMENT:  DO $q24_verify$
	    BEGIN
	        IF EXISTS (
	            SELECT 1 FROM rick_ingestion_jobs
	            WHERE contract_state IS NULL
	               OR contract_version IS DISTINCT FROM 'jobs-contract-v1'
	        ) THEN
	            RAISE EXCEPTION 'recorded 0005 has incomplete canonical jobs';
	        END IF;
	        IF EXISTS (
	            SELECT 1 FROM rick_ingestion_jobs j
	            LEFT JOIN rick_ingestion_job_attempts a ON a.job_id = j.job_id
	            GROUP BY j.job_id, j.attempts
	            HAVING j.attempts <> count(a.attempt_no)
	               OR (count(a.attempt_no) > 0 AND
	                   (min(a.attempt_no) <> 1 OR max(a.attempt_no) <> count(a.attempt_no)))
	        ) THEN
	            RAISE EXCEPTION 'recorded 0005 has incomplete attempt history';
	        END IF;
	        IF (
	            SELECT count(*) FROM pg_trigger t
	            WHERE NOT t.tgisinternal AND t.tgenabled IN ('O', 'A')
	              AND (
	                  (t.tgrelid = 'rick_ingestion_jobs'::regclass
	                   AND t.tgname = 'rick_require_canonical_job_write_trg'
	                   AND t.tgfoid = 'rick_require_canonical_job_write()'::regprocedure
	                   AND t.tgtype = 23 AND NOT t.tgdeferrable)
	                  OR (t.tgrelid = 'rick_ingestion_jobs'::regclass
	                   AND t.tgname = 'rick_job_attempt_count_jobs_trg'
	                   AND t.tgfoid = 'rick_check_job_attempt_count()'::regprocedure
	                   AND t.tgtype = 21 AND t.tgdeferrable AND t.tginitdeferred)
	                  OR (t.tgrelid = 'rick_ingestion_job_attempts'::regclass
	                   AND t.tgname = 'rick_job_attempt_immutable_trg'
	                   AND t.tgfoid = 'rick_guard_job_attempt_update()'::regprocedure
	                   AND t.tgtype = 19 AND NOT t.tgdeferrable)
	                  OR (t.tgrelid = 'rick_ingestion_job_attempts'::regclass
	                   AND t.tgname = 'rick_job_attempt_delete_guard_trg'
	                   AND t.tgfoid = 'rick_guard_job_attempt_delete()'::regprocedure
	                   AND t.tgtype = 11 AND NOT t.tgdeferrable)
	                  OR (t.tgrelid = 'rick_ingestion_job_attempts'::regclass
	                   AND t.tgname = 'rick_job_attempt_count_attempts_trg'
	                   AND t.tgfoid = 'rick_check_job_attempt_count()'::regprocedure
	                   AND t.tgtype = 29 AND t.tgdeferrable AND t.tginitdeferred)
	              )
	        ) <> 5 THEN
	            RAISE EXCEPTION 'recorded 0005 is missing enabled canonical job guards';
	        END IF;
	    END $q24_verify$;
2026-09-25 14:53:35.052 UTC [55] LOG:  checkpoint starting: immediate force wait
2026-09-25 14:53:35.052 UTC [55] LOG:  checkpoint complete: wrote 5 buffers (0.1%); 0 WAL file(s) added, 0 removed, 1 recycled; write=0.001 s, sync=0.001 s, total=0.001 s; sync files=4, longest=0.001 s, average=0.001 s; distance=4929 kB, estimate=4941 kB; lsn=0/708CC48, redo lsn=0/708CC10
2026-09-25 14:53:35.442 UTC [1164] ERROR:  recorded 0005 is missing enabled canonical job guards
2026-09-25 14:53:35.442 UTC [1164] CONTEXT:  PL/pgSQL function inline_code_block line 46 at RAISE
2026-09-25 14:53:35.442 UTC [1164] STATEMENT:  DO $q24_verify$
	    BEGIN
	        IF EXISTS (
	            SELECT 1 FROM rick_ingestion_jobs
	            WHERE contract_state IS NULL
	               OR contract_version IS DISTINCT FROM 'jobs-contract-v1'
	        ) THEN
	            RAISE EXCEPTION 'recorded 0005 has incomplete canonical jobs';
	        END IF;
	        IF EXISTS (
	            SELECT 1 FROM rick_ingestion_jobs j
	            LEFT JOIN rick_ingestion_job_attempts a ON a.job_id = j.job_id
	            GROUP BY j.job_id, j.attempts
	            HAVING j.attempts <> count(a.attempt_no)
	               OR (count(a.attempt_no) > 0 AND
	                   (min(a.attempt_no) <> 1 OR max(a.attempt_no) <> count(a.attempt_no)))
	        ) THEN
	            RAISE EXCEPTION 'recorded 0005 has incomplete attempt history';
	        END IF;
	        IF (
	            SELECT count(*) FROM pg_trigger t
	            WHERE NOT t.tgisinternal AND t.tgenabled IN ('O', 'A')
	              AND (
	                  (t.tgrelid = 'rick_ingestion_jobs'::regclass
	                   AND t.tgname = 'rick_require_canonical_job_write_trg'
	                   AND t.tgfoid = 'rick_require_canonical_job_write()'::regprocedure
	                   AND t.tgtype = 23 AND NOT t.tgdeferrable)
	                  OR (t.tgrelid = 'rick_ingestion_jobs'::regclass
	                   AND t.tgname = 'rick_job_attempt_count_jobs_trg'
	                   AND t.tgfoid = 'rick_check_job_attempt_count()'::regprocedure
	                   AND t.tgtype = 21 AND t.tgdeferrable AND t.tginitdeferred)
	                  OR (t.tgrelid = 'rick_ingestion_job_attempts'::regclass
	                   AND t.tgname = 'rick_job_attempt_immutable_trg'
	                   AND t.tgfoid = 'rick_guard_job_attempt_update()'::regprocedure
	                   AND t.tgtype = 19 AND NOT t.tgdeferrable)
	                  OR (t.tgrelid = 'rick_ingestion_job_attempts'::regclass
	                   AND t.tgname = 'rick_job_attempt_delete_guard_trg'
	                   AND t.tgfoid = 'rick_guard_job_attempt_delete()'::regprocedure
	                   AND t.tgtype = 11 AND NOT t.tgdeferrable)
	                  OR (t.tgrelid = 'rick_ingestion_job_attempts'::regclass
	                   AND t.tgname = 'rick_job_attempt_count_attempts_trg'
	                   AND t.tgfoid = 'rick_check_job_attempt_count()'::regprocedure
	                   AND t.tgtype = 29 AND t.tgdeferrable AND t.tginitdeferred)
	              )
	        ) <> 5 THEN
	            RAISE EXCEPTION 'recorded 0005 is missing enabled canonical job guards';
	        END IF;
	    END $q24_verify$;
2026-09-25 14:53:35.652 UTC [55] LOG:  checkpoint starting: immediate force wait
2026-09-25 14:53:35.652 UTC [55] LOG:  checkpoint complete: wrote 5 buffers (0.1%); 0 WAL file(s) added, 0 removed, 0 recycled; write=0.001 s, sync=0.001 s, total=0.001 s; sync files=4, longest=0.001 s, average=0.001 s; distance=4929 kB, estimate=4939 kB; lsn=0/755D218, redo lsn=0/755D1E0
2026-09-25 14:53:36.035 UTC [1215] ERROR:  recorded 0005 has incomplete canonical jobs
2026-09-25 14:53:36.035 UTC [1215] CONTEXT:  PL/pgSQL function inline_code_block line 8 at RAISE
2026-09-25 14:53:36.035 UTC [1215] STATEMENT:  DO $q24_verify$
	    BEGIN
	        IF EXISTS (
	            SELECT 1 FROM rick_ingestion_jobs
	            WHERE contract_state IS NULL
	               OR contract_version IS DISTINCT FROM 'jobs-contract-v1'
	        ) THEN
	            RAISE EXCEPTION 'recorded 0005 has incomplete canonical jobs';
	        END IF;
	        IF EXISTS (
	            SELECT 1 FROM rick_ingestion_jobs j
	            LEFT JOIN rick_ingestion_job_attempts a ON a.job_id = j.job_id
	            GROUP BY j.job_id, j.attempts
	            HAVING j.attempts <> count(a.attempt_no)
	               OR (count(a.attempt_no) > 0 AND
	                   (min(a.attempt_no) <> 1 OR max(a.attempt_no) <> count(a.attempt_no)))
	        ) THEN
	            RAISE EXCEPTION 'recorded 0005 has incomplete attempt history';
	        END IF;
	        IF (
	            SELECT count(*) FROM pg_trigger t
	            WHERE NOT t.tgisinternal AND t.tgenabled IN ('O', 'A')
	              AND (
	                  (t.tgrelid = 'rick_ingestion_jobs'::regclass
	                   AND t.tgname = 'rick_require_canonical_job_write_trg'
	                   AND t.tgfoid = 'rick_require_canonical_job_write()'::regprocedure
	                   AND t.tgtype = 23 AND NOT t.tgdeferrable)
	                  OR (t.tgrelid = 'rick_ingestion_jobs'::regclass
	                   AND t.tgname = 'rick_job_attempt_count_jobs_trg'
	                   AND t.tgfoid = 'rick_check_job_attempt_count()'::regprocedure
	                   AND t.tgtype = 21 AND t.tgdeferrable AND t.tginitdeferred)
	                  OR (t.tgrelid = 'rick_ingestion_job_attempts'::regclass
	                   AND t.tgname = 'rick_job_attempt_immutable_trg'
	                   AND t.tgfoid = 'rick_guard_job_attempt_update()'::regprocedure
	                   AND t.tgtype = 19 AND NOT t.tgdeferrable)
	                  OR (t.tgrelid = 'rick_ingestion_job_attempts'::regclass
	                   AND t.tgname = 'rick_job_attempt_delete_guard_trg'
	                   AND t.tgfoid = 'rick_guard_job_attempt_delete()'::regprocedure
	                   AND t.tgtype = 11 AND NOT t.tgdeferrable)
	                  OR (t.tgrelid = 'rick_ingestion_job_attempts'::regclass
	                   AND t.tgname = 'rick_job_attempt_count_attempts_trg'
	                   AND t.tgfoid = 'rick_check_job_attempt_count()'::regprocedure
	                   AND t.tgtype = 29 AND t.tgdeferrable AND t.tginitdeferred)
	              )
	        ) <> 5 THEN
	            RAISE EXCEPTION 'recorded 0005 is missing enabled canonical job guards';
	        END IF;
	    END $q24_verify$;
2026-09-25 14:53:36.262 UTC [55] LOG:  checkpoint starting: immediate force wait
2026-09-25 14:53:36.263 UTC [55] LOG:  checkpoint complete: wrote 5 buffers (0.1%); 0 WAL file(s) added, 0 removed, 0 recycled; write=0.001 s, sync=0.001 s, total=0.001 s; sync files=4, longest=0.001 s, average=0.001 s; distance=4931 kB, estimate=4939 kB; lsn=0/7A2DE18, redo lsn=0/7A2DDE0
2026-09-25 14:53:36.677 UTC [1266] ERROR:  recorded 0005 has incomplete canonical jobs
2026-09-25 14:53:36.677 UTC [1266] CONTEXT:  PL/pgSQL function inline_code_block line 8 at RAISE
2026-09-25 14:53:36.677 UTC [1266] STATEMENT:  DO $q24_verify$
	    BEGIN
	        IF EXISTS (
	            SELECT 1 FROM rick_ingestion_jobs
	            WHERE contract_state IS NULL
	               OR contract_version IS DISTINCT FROM 'jobs-contract-v1'
	        ) THEN
	            RAISE EXCEPTION 'recorded 0005 has incomplete canonical jobs';
	        END IF;
	        IF EXISTS (
	            SELECT 1 FROM rick_ingestion_jobs j
	            LEFT JOIN rick_ingestion_job_attempts a ON a.job_id = j.job_id
	            GROUP BY j.job_id, j.attempts
	            HAVING j.attempts <> count(a.attempt_no)
	               OR (count(a.attempt_no) > 0 AND
	                   (min(a.attempt_no) <> 1 OR max(a.attempt_no) <> count(a.attempt_no)))
	        ) THEN
	            RAISE EXCEPTION 'recorded 0005 has incomplete attempt history';
	        END IF;
	        IF (
	            SELECT count(*) FROM pg_trigger t
	            WHERE NOT t.tgisinternal AND t.tgenabled IN ('O', 'A')
	              AND (
	                  (t.tgrelid = 'rick_ingestion_jobs'::regclass
	                   AND t.tgname = 'rick_require_canonical_job_write_trg'
	                   AND t.tgfoid = 'rick_require_canonical_job_write()'::regprocedure
	                   AND t.tgtype = 23 AND NOT t.tgdeferrable)
	                  OR (t.tgrelid = 'rick_ingestion_jobs'::regclass
	                   AND t.tgname = 'rick_job_attempt_count_jobs_trg'
	                   AND t.tgfoid = 'rick_check_job_attempt_count()'::regprocedure
	                   AND t.tgtype = 21 AND t.tgdeferrable AND t.tginitdeferred)
	                  OR (t.tgrelid = 'rick_ingestion_job_attempts'::regclass
	                   AND t.tgname = 'rick_job_attempt_immutable_trg'
	                   AND t.tgfoid = 'rick_guard_job_attempt_update()'::regprocedure
	                   AND t.tgtype = 19 AND NOT t.tgdeferrable)
	                  OR (t.tgrelid = 'rick_ingestion_job_attempts'::regclass
	                   AND t.tgname = 'rick_job_attempt_delete_guard_trg'
	                   AND t.tgfoid = 'rick_guard_job_attempt_delete()'::regprocedure
	                   AND t.tgtype = 11 AND NOT t.tgdeferrable)
	                  OR (t.tgrelid = 'rick_ingestion_job_attempts'::regclass
	                   AND t.tgname = 'rick_job_attempt_count_attempts_trg'
	                   AND t.tgfoid = 'rick_check_job_attempt_count()'::regprocedure
	                   AND t.tgtype = 29 AND t.tgdeferrable AND t.tginitdeferred)
	              )
	        ) <> 5 THEN
	            RAISE EXCEPTION 'recorded 0005 is missing enabled canonical job guards';
	        END IF;
	    END $q24_verify$;
2026-09-25 14:53:36.873 UTC [55] LOG:  checkpoint starting: immediate force wait
2026-09-25 14:53:36.874 UTC [55] LOG:  checkpoint complete: wrote 5 buffers (0.1%); 0 WAL file(s) added, 0 removed, 0 recycled; write=0.001 s, sync=0.001 s, total=0.001 s; sync files=4, longest=0.001 s, average=0.001 s; distance=4931 kB, estimate=4938 kB; lsn=0/7EFEB20, redo lsn=0/7EFEAE8
2026-09-25 14:53:37.263 UTC [1317] ERROR:  recorded 0005 has incomplete attempt history
2026-09-25 14:53:37.263 UTC [1317] CONTEXT:  PL/pgSQL function inline_code_block line 18 at RAISE
2026-09-25 14:53:37.263 UTC [1317] STATEMENT:  DO $q24_verify$
	    BEGIN
	        IF EXISTS (
	            SELECT 1 FROM rick_ingestion_jobs
	            WHERE contract_state IS NULL
	               OR contract_version IS DISTINCT FROM 'jobs-contract-v1'
	        ) THEN
	            RAISE EXCEPTION 'recorded 0005 has incomplete canonical jobs';
	        END IF;
	        IF EXISTS (
	            SELECT 1 FROM rick_ingestion_jobs j
	            LEFT JOIN rick_ingestion_job_attempts a ON a.job_id = j.job_id
	            GROUP BY j.job_id, j.attempts
	            HAVING j.attempts <> count(a.attempt_no)
	               OR (count(a.attempt_no) > 0 AND
	                   (min(a.attempt_no) <> 1 OR max(a.attempt_no) <> count(a.attempt_no)))
	        ) THEN
	            RAISE EXCEPTION 'recorded 0005 has incomplete attempt history';
	        END IF;
	        IF (
	            SELECT count(*) FROM pg_trigger t
	            WHERE NOT t.tgisinternal AND t.tgenabled IN ('O', 'A')
	              AND (
	                  (t.tgrelid = 'rick_ingestion_jobs'::regclass
	                   AND t.tgname = 'rick_require_canonical_job_write_trg'
	                   AND t.tgfoid = 'rick_require_canonical_job_write()'::regprocedure
	                   AND t.tgtype = 23 AND NOT t.tgdeferrable)
	                  OR (t.tgrelid = 'rick_ingestion_jobs'::regclass
	                   AND t.tgname = 'rick_job_attempt_count_jobs_trg'
	                   AND t.tgfoid = 'rick_check_job_attempt_count()'::regprocedure
	                   AND t.tgtype = 21 AND t.tgdeferrable AND t.tginitdeferred)
	                  OR (t.tgrelid = 'rick_ingestion_job_attempts'::regclass
	                   AND t.tgname = 'rick_job_attempt_immutable_trg'
	                   AND t.tgfoid = 'rick_guard_job_attempt_update()'::regprocedure
	                   AND t.tgtype = 19 AND NOT t.tgdeferrable)
	                  OR (t.tgrelid = 'rick_ingestion_job_attempts'::regclass
	                   AND t.tgname = 'rick_job_attempt_delete_guard_trg'
	                   AND t.tgfoid = 'rick_guard_job_attempt_delete()'::regprocedure
	                   AND t.tgtype = 11 AND NOT t.tgdeferrable)
	                  OR (t.tgrelid = 'rick_ingestion_job_attempts'::regclass
	                   AND t.tgname = 'rick_job_attempt_count_attempts_trg'
	                   AND t.tgfoid = 'rick_check_job_attempt_count()'::regprocedure
	                   AND t.tgtype = 29 AND t.tgdeferrable AND t.tginitdeferred)
	              )
	        ) <> 5 THEN
	            RAISE EXCEPTION 'recorded 0005 is missing enabled canonical job guards';
	        END IF;
	    END $q24_verify$;
2026-09-25 14:53:37.442 UTC [55] LOG:  checkpoint starting: immediate force wait
2026-09-25 14:53:37.443 UTC [55] LOG:  checkpoint complete: wrote 5 buffers (0.1%); 0 WAL file(s) added, 0 removed, 1 recycled; write=0.001 s, sync=0.001 s, total=0.001 s; sync files=4, longest=0.001 s, average=0.001 s; distance=4931 kB, estimate=4937 kB; lsn=0/83CF8F8, redo lsn=0/83CF8C0
2026-09-25 14:53:37.845 UTC [1368] ERROR:  recorded 0005 has incomplete attempt history
2026-09-25 14:53:37.845 UTC [1368] CONTEXT:  PL/pgSQL function inline_code_block line 18 at RAISE
2026-09-25 14:53:37.845 UTC [1368] STATEMENT:  DO $q24_verify$
	    BEGIN
	        IF EXISTS (
	            SELECT 1 FROM rick_ingestion_jobs
	            WHERE contract_state IS NULL
	               OR contract_version IS DISTINCT FROM 'jobs-contract-v1'
	        ) THEN
	            RAISE EXCEPTION 'recorded 0005 has incomplete canonical jobs';
	        END IF;
	        IF EXISTS (
	            SELECT 1 FROM rick_ingestion_jobs j
	            LEFT JOIN rick_ingestion_job_attempts a ON a.job_id = j.job_id
	            GROUP BY j.job_id, j.attempts
	            HAVING j.attempts <> count(a.attempt_no)
	               OR (count(a.attempt_no) > 0 AND
	                   (min(a.attempt_no) <> 1 OR max(a.attempt_no) <> count(a.attempt_no)))
	        ) THEN
	            RAISE EXCEPTION 'recorded 0005 has incomplete attempt history';
	        END IF;
	        IF (
	            SELECT count(*) FROM pg_trigger t
	            WHERE NOT t.tgisinternal AND t.tgenabled IN ('O', 'A')
	              AND (
	                  (t.tgrelid = 'rick_ingestion_jobs'::regclass
	                   AND t.tgname = 'rick_require_canonical_job_write_trg'
	                   AND t.tgfoid = 'rick_require_canonical_job_write()'::regprocedure
	                   AND t.tgtype = 23 AND NOT t.tgdeferrable)
	                  OR (t.tgrelid = 'rick_ingestion_jobs'::regclass
	                   AND t.tgname = 'rick_job_attempt_count_jobs_trg'
	                   AND t.tgfoid = 'rick_check_job_attempt_count()'::regprocedure
	                   AND t.tgtype = 21 AND t.tgdeferrable AND t.tginitdeferred)
	                  OR (t.tgrelid = 'rick_ingestion_job_attempts'::regclass
	                   AND t.tgname = 'rick_job_attempt_immutable_trg'
	                   AND t.tgfoid = 'rick_guard_job_attempt_update()'::regprocedure
	                   AND t.tgtype = 19 AND NOT t.tgdeferrable)
	                  OR (t.tgrelid = 'rick_ingestion_job_attempts'::regclass
	                   AND t.tgname = 'rick_job_attempt_delete_guard_trg'
	                   AND t.tgfoid = 'rick_guard_job_attempt_delete()'::regprocedure
	                   AND t.tgtype = 11 AND NOT t.tgdeferrable)
	                  OR (t.tgrelid = 'rick_ingestion_job_attempts'::regclass
	                   AND t.tgname = 'rick_job_attempt_count_attempts_trg'
	                   AND t.tgfoid = 'rick_check_job_attempt_count()'::regprocedure
	                   AND t.tgtype = 29 AND t.tgdeferrable AND t.tginitdeferred)
	              )
	        ) <> 5 THEN
	            RAISE EXCEPTION 'recorded 0005 is missing enabled canonical job guards';
	        END IF;
	    END $q24_verify$;
2026-09-25 14:53:38.065 UTC [55] LOG:  checkpoint starting: immediate force wait
2026-09-25 14:53:38.065 UTC [55] LOG:  checkpoint complete: wrote 5 buffers (0.1%); 0 WAL file(s) added, 0 removed, 0 recycled; write=0.001 s, sync=0.001 s, total=0.001 s; sync files=4, longest=0.001 s, average=0.001 s; distance=4931 kB, estimate=4937 kB; lsn=0/88A0770, redo lsn=0/88A0738
2026-09-25 14:53:38.651 UTC [55] LOG:  checkpoint starting: immediate force wait
2026-09-25 14:53:38.652 UTC [55] LOG:  checkpoint complete: wrote 5 buffers (0.1%); 0 WAL file(s) added, 0 removed, 0 recycled; write=0.001 s, sync=0.001 s, total=0.001 s; sync files=4, longest=0.001 s, average=0.001 s; distance=4940 kB, estimate=4940 kB; lsn=0/8D737C0, redo lsn=0/8D73788
2026-09-25 14:53:39.247 UTC [55] LOG:  checkpoint starting: immediate force wait
2026-09-25 14:53:39.248 UTC [55] LOG:  checkpoint complete: wrote 5 buffers (0.1%); 0 WAL file(s) added, 0 removed, 1 recycled; write=0.001 s, sync=0.001 s, total=0.001 s; sync files=4, longest=0.001 s, average=0.001 s; distance=4940 kB, estimate=4940 kB; lsn=0/9246AE8, redo lsn=0/9246AB0
2026-09-25 14:53:39.852 UTC [55] LOG:  checkpoint starting: immediate force wait
2026-09-25 14:53:39.852 UTC [55] LOG:  checkpoint complete: wrote 5 buffers (0.1%); 0 WAL file(s) added, 0 removed, 0 recycled; write=0.001 s, sync=0.001 s, total=0.001 s; sync files=4, longest=0.001 s, average=0.001 s; distance=4940 kB, estimate=4940 kB; lsn=0/9719D00, redo lsn=0/9719CC8
2026-09-25 14:53:40.377 UTC [55] LOG:  checkpoint starting: immediate force wait
2026-09-25 14:53:40.377 UTC [55] LOG:  checkpoint complete: wrote 5 buffers (0.1%); 0 WAL file(s) added, 0 removed, 0 recycled; write=0.001 s, sync=0.001 s, total=0.001 s; sync files=4, longest=0.001 s, average=0.001 s; distance=4940 kB, estimate=4940 kB; lsn=0/9BED020, redo lsn=0/9BECFE8
2026-09-25 14:53:40.764 UTC [1607] ERROR:  recorded 0005 is missing enabled canonical job guards
2026-09-25 14:53:40.764 UTC [1607] CONTEXT:  PL/pgSQL function inline_code_block line 46 at RAISE
2026-09-25 14:53:40.764 UTC [1607] STATEMENT:  DO $q24_verify$
	    BEGIN
	        IF EXISTS (
	            SELECT 1 FROM rick_ingestion_jobs
	            WHERE contract_state IS NULL
	               OR contract_version IS DISTINCT FROM 'jobs-contract-v1'
	        ) THEN
	            RAISE EXCEPTION 'recorded 0005 has incomplete canonical jobs';
	        END IF;
	        IF EXISTS (
	            SELECT 1 FROM rick_ingestion_jobs j
	            LEFT JOIN rick_ingestion_job_attempts a ON a.job_id = j.job_id
	            GROUP BY j.job_id, j.attempts
	            HAVING j.attempts <> count(a.attempt_no)
	               OR (count(a.attempt_no) > 0 AND
	                   (min(a.attempt_no) <> 1 OR max(a.attempt_no) <> count(a.attempt_no)))
	        ) THEN
	            RAISE EXCEPTION 'recorded 0005 has incomplete attempt history';
	        END IF;
	        IF (
	            SELECT count(*) FROM pg_trigger t
	            WHERE NOT t.tgisinternal AND t.tgenabled IN ('O', 'A')
	              AND (
	                  (t.tgrelid = 'rick_ingestion_jobs'::regclass
	                   AND t.tgname = 'rick_require_canonical_job_write_trg'
	                   AND t.tgfoid = 'rick_require_canonical_job_write()'::regprocedure
	                   AND t.tgtype = 23 AND NOT t.tgdeferrable)
	                  OR (t.tgrelid = 'rick_ingestion_jobs'::regclass
	                   AND t.tgname = 'rick_job_attempt_count_jobs_trg'
	                   AND t.tgfoid = 'rick_check_job_attempt_count()'::regprocedure
	                   AND t.tgtype = 21 AND t.tgdeferrable AND t.tginitdeferred)
	                  OR (t.tgrelid = 'rick_ingestion_job_attempts'::regclass
	                   AND t.tgname = 'rick_job_attempt_immutable_trg'
	                   AND t.tgfoid = 'rick_guard_job_attempt_update()'::regprocedure
	                   AND t.tgtype = 19 AND NOT t.tgdeferrable)
	                  OR (t.tgrelid = 'rick_ingestion_job_attempts'::regclass
	                   AND t.tgname = 'rick_job_attempt_delete_guard_trg'
	                   AND t.tgfoid = 'rick_guard_job_attempt_delete()'::regprocedure
	                   AND t.tgtype = 11 AND NOT t.tgdeferrable)
	                  OR (t.tgrelid = 'rick_ingestion_job_attempts'::regclass
	                   AND t.tgname = 'rick_job_attempt_count_attempts_trg'
	                   AND t.tgfoid = 'rick_check_job_attempt_count()'::regprocedure
	                   AND t.tgtype = 29 AND t.tgdeferrable AND t.tginitdeferred)
	              )
	        ) <> 5 THEN
	            RAISE EXCEPTION 'recorded 0005 is missing enabled canonical job guards';
	        END IF;
	    END $q24_verify$;
2026-09-25 14:53:40.959 UTC [55] LOG:  checkpoint starting: immediate force wait
2026-09-25 14:53:40.959 UTC [55] LOG:  checkpoint complete: wrote 5 buffers (0.1%); 0 WAL file(s) added, 0 removed, 1 recycled; write=0.001 s, sync=0.001 s, total=0.001 s; sync files=4, longest=0.001 s, average=0.001 s; distance=4942 kB, estimate=4942 kB; lsn=0/A0C09D8, redo lsn=0/A0C09A0
2026-09-25 14:53:41.347 UTC [1656] ERROR:  legacy jobs already have attempt rows; reconcile before Phase 2.3 rewrite
2026-09-25 14:53:41.347 UTC [1656] CONTEXT:  PL/pgSQL function inline_code_block line 34 at RAISE
2026-09-25 14:53:41.347 UTC [1656] STATEMENT:  -- Phase 2.3: move the last legacy job rows into the canonical contract.
	--
	-- Migration 0004 deliberately left pre-existing rows in a NULL
	-- contract_state lane. This migration is the one-time, replayable caller
	-- switch: it creates a bounded attempt history before exposing each row to
	-- canonical claims. It fails closed for unknown states, impossible attempt
	-- counts, or an already populated canonical attempt table.
	
	DO $$
	DECLARE
	    job_row RECORD;
	    observed_attempts INTEGER;
	    effective_max_attempts INTEGER;
	    attempt_no INTEGER;
	    attempt_started TIMESTAMPTZ;
	    attempt_finished TIMESTAMPTZ;
	    attempt_state TEXT;
	    attempt_failure JSONB;
	    target_state TEXT;
	    target_status TEXT;
	    target_payload JSONB;
	    target_result JSONB;
	    target_failure JSONB;
	    lease_worker TEXT;
	    lease_acquired TIMESTAMPTZ;
	    lease_expires TIMESTAMPTZ;
	    retryable_failure BOOLEAN;
	    canonical_document_id TEXT;
	    rewrite_event_id TEXT;
	    rewrite_metadata JSONB;
	BEGIN
	    -- Legacy writers take the same transaction advisory lock before their
	    -- enqueue. This closes the scan-to-trigger window during the caller switch.
	    PERFORM pg_advisory_xact_lock(hashtext('rick-intelligence:jobs-canonical-rewrite'));
	
	    IF EXISTS (
	        SELECT 1
	        FROM rick_ingestion_jobs j
	        JOIN rick_ingestion_job_attempts a ON a.job_id = j.job_id
	        WHERE j.contract_state IS NULL
	    ) THEN
	        RAISE EXCEPTION
	            'legacy jobs already have attempt rows; reconcile before Phase 2.3 rewrite';
	    END IF;
	
	    IF EXISTS (
	        SELECT 1
	        FROM rick_ingestion_jobs
	        WHERE contract_state IS NULL
	          AND status NOT IN ('queued', 'leased', 'processing', 'published',
	                             'acked', 'failed', 'dead', 'cancelled')
	    ) THEN
	        RAISE EXCEPTION 'legacy jobs contain an unknown status';
	    END IF;
	
	    IF EXISTS (
	        SELECT 1
	        FROM rick_ingestion_jobs
	        WHERE contract_state IS NULL
	          AND (attempts < 0 OR attempts > 64)
	    ) THEN
	        RAISE EXCEPTION 'legacy jobs contain an attempt count outside 0..64';
	    END IF;
	
	    IF EXISTS (
	        SELECT 1
	        FROM rick_ingestion_jobs
	        WHERE contract_state IS NULL
	          AND (updated_at < created_at OR available_at < created_at)
	    ) THEN
	        RAISE EXCEPTION 'legacy jobs contain timestamps outside the canonical lifetime';
	    END IF;
	
	    IF EXISTS (
	        SELECT 1
	        FROM rick_ingestion_jobs
	        WHERE contract_state IS NULL
	          AND (
	              job_id !~ '^[A-Za-z0-9][A-Za-z0-9_.:-]{0,127}$'
	              OR tenant_id !~ '^[A-Za-z0-9][A-Za-z0-9_.:-]{0,127}$'
	              OR workspace_id !~ '^[A-Za-z0-9][A-Za-z0-9_.:-]{0,127}$'
	              OR collection_id !~ '^[A-Za-z0-9][A-Za-z0-9_.:-]{0,127}$'
	              OR idempotency_key !~ '^[A-Za-z0-9][A-Za-z0-9_.:-]{0,127}$'
	          )
	    ) THEN
	        RAISE EXCEPTION 'legacy jobs contain an identifier or scope outside the canonical contract';
	    END IF;
	
	    IF EXISTS (
	        SELECT 1
	        FROM rick_ingestion_jobs
	        WHERE contract_state IS NULL
	          AND (
	              operation IS NULL
	              OR length(operation) = 0
	              OR length(operation) > 64
	              OR operation ~ '[[:cntrl:]]'
	              OR operation !~ '^[A-Za-z0-9][A-Za-z0-9_.:-]{0,63}$'
	          )
	    ) THEN
	        RAISE EXCEPTION 'legacy jobs contain an operation outside the canonical contract';
	    END IF;
	
	    FOR job_row IN
	        SELECT *
	        FROM rick_ingestion_jobs
	        WHERE contract_state IS NULL
	        ORDER BY created_at, job_id
	        FOR UPDATE
	    LOOP
	        effective_max_attempts := GREATEST(1, COALESCE(job_row.max_attempts, 3));
	        observed_attempts := GREATEST(0, COALESCE(job_row.attempts, 0));
	        IF observed_attempts > effective_max_attempts THEN
	            effective_max_attempts := observed_attempts;
	        END IF;
	
	        target_state := 'QUEUED';
	        target_status := 'queued';
	        target_payload := COALESCE(job_row.payload, '{}'::jsonb);
	        target_result := NULL;
	        target_failure := NULL;
	        canonical_document_id := NULLIF(job_row.document_id, '');
	        lease_worker := NULL;
	        lease_acquired := NULL;
	        lease_expires := NULL;
	        retryable_failure := TRUE;
	
	        IF jsonb_typeof(target_payload) <> 'object' THEN
	            RAISE EXCEPTION 'legacy job % payload is not a JSON object', job_row.job_id;
	        END IF;
	        IF target_payload ? 'display_filename' THEN
	            IF target_payload ? 'filename_ref' THEN
	                RAISE EXCEPTION 'legacy job % has conflicting filename references', job_row.job_id;
	            END IF;
	            IF jsonb_typeof(target_payload -> 'display_filename') <> 'string' THEN
	                RAISE EXCEPTION 'legacy job % display filename is not text', job_row.job_id;
	            END IF;
	            target_payload := (target_payload - 'display_filename') || jsonb_build_object(
	                'filename_ref', replace(
	                    replace(encode(convert_to(target_payload ->> 'display_filename', 'UTF8'), 'base64'), E'\n', ''),
	                    E'\r', ''
	                )
	            );
	        END IF;
	        IF target_payload ->> 'document_id' = '' THEN
	            target_payload := target_payload - 'document_id';
	        END IF;
	        IF (SELECT count(*) FROM jsonb_object_keys(target_payload)) > 32
	           OR EXISTS (
	               SELECT 1
	               FROM jsonb_each_text(target_payload) AS payload_item(key, value)
	               WHERE jsonb_typeof(target_payload -> payload_item.key) <> 'string'
	                  OR length(payload_item.key) = 0
	                  OR length(payload_item.key) > 64
	                  OR payload_item.key !~ '^[a-z][a-z0-9_.:-]{0,63}$'
	                  OR payload_item.key ~* '(api[_-]?key|authorization|bearer|credential|password|pem|prompt|private|provider[_-]?(response|result)|raw[_-]?content|response|secret|token)'
	                  OR (
	                      payload_item.key NOT IN (
	                          'attempt_id', 'byte_size', 'bytes', 'checksum', 'chunk_id',
	                          'collection_id', 'document_id', 'etag', 'filename', 'hash',
	                          'index_version', 'job_id', 'lease_id', 'mime_type', 'model_id',
	                          'object_key', 'operation', 'page', 'provider_id', 'schema_version',
	                          'section', 'size', 'source_key', 'stage', 'state', 'status',
	                          'tenant_id', 'trace_id', 'uri', 'url', 'version', 'vector_id',
	                          'workspace_id'
	                      )
	                      AND payload_item.key !~ '(_id|_key|_ref|_version|_hash|_checksum|_uri|_url)$'
	                  )
	                  OR length(payload_item.value) = 0
	                  OR length(payload_item.value) > 512
	                  OR payload_item.value !~ '^[A-Za-z0-9][A-Za-z0-9_.:/@?=&%+~,\-]*$'
	                  OR payload_item.value ~* '(^|[^a-z0-9])(sk|pk|rk|ghp|glpat|xox[baprs])_[a-z0-9_-]*($|[^a-z0-9])'
	                  OR payload_item.value ~* '(bearer|basic)[[:space:]]+[a-z0-9._~+/=-]{8,}'
	                  OR payload_item.value ~* '(api[_-]?key|authorization|password|secret|token|private[_[:space:]-]?key)[[:space:]]*[:=]'
	                  OR payload_item.value ~* '(raw[-_.[:space:]]?(document[-_.[:space:]]?)?(content|body|text))'
	                  OR payload_item.value ~* '((full[-_.[:space:]]?)?document[-_.[:space:]]?(content|body|text))'
	                  OR payload_item.value ~* '(provider[-_.[:space:]]?(response|result))'
	                  OR payload_item.value ~* '-----begin[-_[:space:]]*(private|secret)?[-_[:space:]]*key-----'
	           ) THEN
	            RAISE EXCEPTION 'legacy job % payload violates the bounded jobs contract', job_row.job_id;
	        END IF;
	
	        IF job_row.status IN ('published', 'acked') THEN
	            target_state := 'SUCCEEDED';
	            target_status := 'published';
	            observed_attempts := GREATEST(1, observed_attempts);
	            target_result := COALESCE(
	                job_row.result,
	                jsonb_build_object(
	                    'output_refs', '{}'::jsonb,
	                    'document_id', NULLIF(job_row.document_id, ''),
	                    'completed_at', EXTRACT(EPOCH FROM job_row.updated_at)
	                )
	            );
	            IF jsonb_typeof(target_result) <> 'object'
	               OR (target_result ? 'output_refs'
	                   AND jsonb_typeof(target_result -> 'output_refs') <> 'object')
	               OR NOT (target_result ? 'completed_at')
	               OR jsonb_typeof(target_result -> 'completed_at') <> 'number'
	               OR (target_result ->> 'completed_at')::DOUBLE PRECISION
	                    < EXTRACT(EPOCH FROM job_row.created_at)
	               OR (target_result ->> 'completed_at')::DOUBLE PRECISION
	                    > EXTRACT(EPOCH FROM job_row.updated_at) THEN
	                RAISE EXCEPTION 'legacy job % result violates the completed result contract', job_row.job_id;
	            END IF;
	            IF target_result ? 'document_id' THEN
	                IF jsonb_typeof(target_result -> 'document_id') NOT IN ('string', 'null')
	                   OR (jsonb_typeof(target_result -> 'document_id') = 'string'
	                       AND target_result ->> 'document_id' <> ''
	                       AND target_result ->> 'document_id'
	                           !~ '^[A-Za-z0-9][A-Za-z0-9_.:-]{0,127}$') THEN
	                    RAISE EXCEPTION 'legacy job % result document reference is invalid', job_row.job_id;
	                END IF;
	                IF jsonb_typeof(target_result -> 'document_id') = 'null'
	                   OR target_result ->> 'document_id' = '' THEN
	                    target_result := target_result - 'document_id';
	                ELSE
	                    IF canonical_document_id IS NOT NULL
	                       AND canonical_document_id <> (target_result ->> 'document_id') THEN
	                        RAISE EXCEPTION 'legacy job % result document reference conflicts with the job document', job_row.job_id;
	                    END IF;
	                    canonical_document_id := target_result ->> 'document_id';
	                END IF;
	            END IF;
	            IF target_result ? 'output_refs'
	               AND (
	                   (SELECT count(*) FROM jsonb_object_keys(target_result -> 'output_refs')) > 32
	                   OR EXISTS (
	                       SELECT 1
	                       FROM jsonb_each_text(target_result -> 'output_refs') AS result_item(key, value)
	                       WHERE jsonb_typeof((target_result -> 'output_refs') -> result_item.key) <> 'string'
	                          OR length(result_item.key) = 0
	                          OR length(result_item.key) > 64
	                          OR result_item.key !~ '^[a-z][a-z0-9_.:-]{0,63}$'
	                          OR result_item.key ~* '(api[_-]?key|authorization|bearer|credential|password|pem|prompt|private|provider[_-]?(response|result)|raw[_-]?content|response|secret|token)'
	                          OR (
	                              result_item.key NOT IN (
	                                  'attempt_id', 'byte_size', 'bytes', 'checksum', 'chunk_id',
	                                  'collection_id', 'document_id', 'etag', 'filename', 'hash',
	                                  'index_version', 'job_id', 'lease_id', 'mime_type', 'model_id',
	                                  'object_key', 'operation', 'page', 'provider_id', 'schema_version',
	                                  'section', 'size', 'source_key', 'stage', 'state', 'status',
	                                  'tenant_id', 'trace_id', 'uri', 'url', 'version', 'vector_id',
	                                  'workspace_id'
	                              )
	                              AND result_item.key !~ '(_id|_key|_ref|_version|_hash|_checksum|_uri|_url)$'
	                          )
	                          OR length(result_item.value) = 0
	                          OR length(result_item.value) > 512
	                          OR result_item.value !~ '^[A-Za-z0-9][A-Za-z0-9_.:/@?=&%+~,\-]*$'
	                          OR result_item.value ~* '(^|[^a-z0-9])(sk|pk|rk|ghp|glpat|xox[baprs])_[a-z0-9_-]*($|[^a-z0-9])'
	                          OR result_item.value ~* '(bearer|basic)[[:space:]]+[a-z0-9._~+/=-]{8,}'
	                          OR result_item.value ~* '(api[_-]?key|authorization|password|secret|token|private[_[:space:]-]?key)[[:space:]]*[:=]'
	                          OR result_item.value ~* '(raw[-_.[:space:]]?(document[-_.[:space:]]?)?(content|body|text))'
	                          OR result_item.value ~* '((full[-_.[:space:]]?)?document[-_.[:space:]]?(content|body|text))'
	                          OR result_item.value ~* '(provider[-_.[:space:]]?(response|result))'
	                          OR result_item.value ~* '-----begin[-_[:space:]]*(private|secret)?[-_[:space:]]*key-----'
	                   )
	               ) THEN
	                RAISE EXCEPTION 'legacy job % result references violate the bounded metadata contract', job_row.job_id;
	            END IF;
	        ELSIF job_row.status = 'cancelled' THEN
	            target_state := 'CANCELLED';
	            target_status := 'cancelled';
	        ELSIF job_row.status = 'dead' THEN
	            target_state := 'DEAD_LETTER';
	            target_status := 'dead';
	            observed_attempts := GREATEST(1, observed_attempts);
	            retryable_failure := FALSE;
	        ELSIF job_row.status IN ('leased', 'processing')
	              AND job_row.lease_owner IS NOT NULL
	              AND job_row.lease_until IS NOT NULL
	              AND job_row.lease_until > COALESCE(job_row.lease_acquired_at, job_row.created_at)
	              AND job_row.lease_until > clock_timestamp() THEN
	            target_state := 'RUNNING';
	            target_status := 'processing';
	            observed_attempts := GREATEST(1, observed_attempts);
	            lease_worker := COALESCE(
	                job_row.lease_worker_id,
	                split_part(job_row.lease_owner, ':', 1),
	                'legacy-migration'
	            );
	            lease_acquired := COALESCE(
	                job_row.lease_acquired_at,
	                job_row.created_at
	            );
	            lease_expires := job_row.lease_until;
	        ELSIF job_row.status IN ('failed', 'dead')
	              AND observed_attempts >= effective_max_attempts THEN
	            target_state := 'DEAD_LETTER';
	            target_status := 'dead';
	            observed_attempts := GREATEST(1, observed_attempts);
	            retryable_failure := FALSE;
	        ELSIF job_row.status IN ('queued', 'leased', 'processing')
	              AND observed_attempts >= effective_max_attempts
	              AND observed_attempts > 0 THEN
	            target_state := 'DEAD_LETTER';
	            target_status := 'dead';
	            retryable_failure := FALSE;
	        ELSIF job_row.status IN ('failed', 'leased', 'processing') THEN
	            -- Expired or failed legacy work is made claimable after a
	            -- synthetic finished attempt. The canonical queue will apply its
	            -- normal retry policy from this point onward.
	            target_state := 'QUEUED';
	            target_status := 'queued';
	            observed_attempts := GREATEST(1, observed_attempts);
	        END IF;
	
	        IF target_state = 'RUNNING' THEN
	            -- The active attempt is materialized below with a NULL finish.
	            NULL;
	        END IF;
	
	        FOR attempt_no IN 1..observed_attempts LOOP
	            attempt_started := job_row.created_at
	                + ((job_row.updated_at - job_row.created_at)
	                   * ((attempt_no - 1)::DOUBLE PRECISION / observed_attempts));
	            IF target_state = 'RUNNING' AND attempt_no = observed_attempts THEN
	                attempt_state := 'RUNNING';
	                attempt_finished := NULL;
	                attempt_failure := NULL;
	            ELSIF target_state = 'SUCCEEDED' AND attempt_no = observed_attempts THEN
	                attempt_state := 'SUCCEEDED';
	                attempt_finished := GREATEST(attempt_started, job_row.updated_at);
	                attempt_failure := NULL;
	            ELSIF target_state = 'CANCELLED' AND attempt_no = observed_attempts THEN
	                attempt_state := 'CANCELLED';
	                attempt_finished := GREATEST(attempt_started, job_row.updated_at);
	                attempt_failure := NULL;
	            ELSE
	                attempt_state := 'FAILED';
	                attempt_finished := GREATEST(
	                    attempt_started,
	                    job_row.created_at
	                        + ((job_row.updated_at - job_row.created_at)
	                           * (attempt_no::DOUBLE PRECISION / observed_attempts))
	                );
	                attempt_failure := jsonb_build_object(
	                    'code', CASE
	                        WHEN job_row.last_error_code IN (
	                            'provider_timeout', 'provider_unavailable',
	                            'storage_unavailable', 'lock_unavailable',
	                            'validation_error', 'ingestion_failed',
	                            'cancelled', 'recovery_required'
	                        ) THEN job_row.last_error_code
	                        ELSE 'legacy_failure'
	                    END,
	                    'message', CASE
	                        WHEN target_state = 'DEAD_LETTER'
	                            THEN 'legacy job exhausted its bounded retry history'
	                        WHEN attempt_no = observed_attempts AND retryable_failure
	                            THEN 'legacy job requires a bounded retry'
	                        ELSE 'legacy failure reconstructed during canonical migration'
	                    END,
	                    'retryable', retryable_failure,
	                    'attempt', attempt_no,
	                    'occurred_at', EXTRACT(EPOCH FROM attempt_finished)
	                );
	            END IF;
	
	            INSERT INTO rick_ingestion_job_attempts
	                (job_id, attempt_no, worker_id, state, started_at,
	                 finished_at, failure)
	            VALUES (
	                job_row.job_id,
	                attempt_no,
	                COALESCE(lease_worker, 'legacy-migration'),
	                attempt_state,
	                attempt_started,
	                attempt_finished,
	                attempt_failure
	            );
	        END LOOP;
	
	        IF target_state IN ('DEAD_LETTER', 'QUEUED') THEN
	            target_failure := CASE
	                WHEN target_state = 'DEAD_LETTER' THEN jsonb_build_object(
	                    'code', CASE
	                        WHEN job_row.last_error_code IN (
	                            'provider_timeout', 'provider_unavailable',
	                            'storage_unavailable', 'lock_unavailable',
	                            'validation_error', 'ingestion_failed',
	                            'cancelled', 'recovery_required'
	                        ) THEN job_row.last_error_code
	                        ELSE 'legacy_failure'
	                    END,
	                    'message', 'legacy job exhausted its bounded retry history',
	                    'retryable', FALSE,
	                    'attempt', observed_attempts,
	                    'occurred_at', EXTRACT(EPOCH FROM job_row.updated_at)
	                )
	                ELSE NULL
	            END;
	        END IF;
	
	        UPDATE rick_ingestion_jobs
	        SET contract_state = target_state,
	            contract_version = 'jobs-contract-v1',
	            document_id = canonical_document_id,
	            payload = target_payload,
	            max_attempts = effective_max_attempts,
	            attempts = observed_attempts,
	            status = target_status,
	            result = target_result,
	            failure = target_failure,
	            lease_worker_id = lease_worker,
	            lease_acquired_at = lease_acquired,
	            lease_until = lease_expires,
	            lease_owner = CASE WHEN target_state = 'RUNNING' THEN job_row.lease_owner ELSE NULL END,
	            updated_at = GREATEST(job_row.updated_at, job_row.created_at)
	        WHERE job_id = job_row.job_id;
	
	        -- Preserve the same durable projection contract used by canonical
	        -- mutations. The migration itself is observable and replay-safe: one
	        -- stable event id fans out to lifecycle, outbox, and audit records.
	        rewrite_event_id := format('job:%s:legacy-rewritten', job_row.job_id);
	        rewrite_metadata := jsonb_build_object(
	            'contract_version', 'jobs-contract-v1',
	            'migration', '0005_rewrite_legacy_jobs',
	            'legacy_status', job_row.status,
	            'state', target_state,
	            'attempt_count', observed_attempts,
	            'max_attempts', effective_max_attempts
	        );
	        INSERT INTO rick_ingestion_job_events
	            (event_id, job_id, tenant_id, workspace_id, collection_id,
	             event_type, from_state, to_state, version, metadata)
	        VALUES (
	            rewrite_event_id,
	            job_row.job_id,
	            job_row.tenant_id,
	            job_row.workspace_id,
	            job_row.collection_id,
	            'legacy_rewritten',
	            NULL,
	            target_state,
	            job_row.version,
	            rewrite_metadata
	        )
	        ON CONFLICT (event_id) DO NOTHING;
	        INSERT INTO rick_outbox
	            (event_id, tenant_id, aggregate_type, aggregate_id, event_type, payload)
	        VALUES (
	            rewrite_event_id,
	            job_row.tenant_id,
	            'job',
	            job_row.job_id,
	            'jobs.legacy_rewritten',
	            rewrite_metadata
	        )
	        ON CONFLICT (event_id) DO NOTHING;
	        INSERT INTO rick_audit_events
	            (event_id, tenant_id, actor_user_id, action, target_type,
	             target_id, workspace_id, metadata)
	        VALUES (
	            rewrite_event_id,
	            job_row.tenant_id,
	            NULL,
	            'jobs.legacy_rewritten',
	            'job',
	            job_row.job_id,
	            job_row.workspace_id,
	            rewrite_metadata
	        )
	        ON CONFLICT (event_id) DO NOTHING;
	    END LOOP;
	END $$;
	
	-- Every row is canonical after this point. A follow-up deployment must not
	-- reintroduce the legacy writer; the compatibility facade is read-only until
	-- all callers have moved to rick_jobs.
	DO $$
	BEGIN
	    IF EXISTS (SELECT 1 FROM rick_ingestion_jobs WHERE contract_state IS NULL) THEN
	        RAISE EXCEPTION 'Phase 2.3 legacy job rewrite left NULL contract rows';
	    END IF;
	END $$;
	
	-- The old facade remains importable for rollback/read compatibility, but it
	-- must not recreate a second writable authority after this migration.
	CREATE OR REPLACE FUNCTION rick_require_canonical_job_write()
	RETURNS trigger
	LANGUAGE plpgsql
	AS $$
	BEGIN
	    IF NEW.contract_state IS NULL THEN
	        RAISE EXCEPTION
	            'legacy job writes are disabled after Phase 2.3 canonical rewrite';
	    END IF;
	    RETURN NEW;
	END;
	$$;
	
	DROP TRIGGER IF EXISTS rick_require_canonical_job_write_trg ON rick_ingestion_jobs;
	CREATE TRIGGER rick_require_canonical_job_write_trg
	BEFORE INSERT OR UPDATE ON rick_ingestion_jobs
	FOR EACH ROW EXECUTE FUNCTION rick_require_canonical_job_write();
	
2026-09-25 14:53:41.527 UTC [55] LOG:  checkpoint starting: immediate force wait
2026-09-25 14:53:41.527 UTC [55] LOG:  checkpoint complete: wrote 5 buffers (0.1%); 0 WAL file(s) added, 0 removed, 0 recycled; write=0.001 s, sync=0.001 s, total=0.001 s; sync files=4, longest=0.001 s, average=0.001 s; distance=4931 kB, estimate=4941 kB; lsn=0/A591630, redo lsn=0/A5915F8
2026-09-25 14:53:41.977 UTC [55] LOG:  checkpoint starting: immediate force wait
2026-09-25 14:53:41.977 UTC [55] LOG:  checkpoint complete: wrote 5 buffers (0.1%); 0 WAL file(s) added, 0 removed, 0 recycled; write=0.001 s, sync=0.001 s, total=0.001 s; sync files=4, longest=0.001 s, average=0.001 s; distance=4965 kB, estimate=4965 kB; lsn=0/AA6AC18, redo lsn=0/AA6ABE0
2026-09-25 14:53:42.418 UTC [1734] ERROR:  legacy job z-boundary payload violates the bounded jobs contract
2026-09-25 14:53:42.418 UTC [1734] CONTEXT:  PL/pgSQL function inline_code_block line 172 at RAISE
2026-09-25 14:53:42.418 UTC [1734] STATEMENT:  -- Phase 2.3: move the last legacy job rows into the canonical contract.
	--
	-- Migration 0004 deliberately left pre-existing rows in a NULL
	-- contract_state lane. This migration is the one-time, replayable caller
	-- switch: it creates a bounded attempt history before exposing each row to
	-- canonical claims. It fails closed for unknown states, impossible attempt
	-- counts, or an already populated canonical attempt table.
	
	DO $$
	DECLARE
	    job_row RECORD;
	    observed_attempts INTEGER;
	    effective_max_attempts INTEGER;
	    attempt_no INTEGER;
	    attempt_started TIMESTAMPTZ;
	    attempt_finished TIMESTAMPTZ;
	    attempt_state TEXT;
	    attempt_failure JSONB;
	    target_state TEXT;
	    target_status TEXT;
	    target_payload JSONB;
	    target_result JSONB;
	    target_failure JSONB;
	    lease_worker TEXT;
	    lease_acquired TIMESTAMPTZ;
	    lease_expires TIMESTAMPTZ;
	    retryable_failure BOOLEAN;
	    canonical_document_id TEXT;
	    rewrite_event_id TEXT;
	    rewrite_metadata JSONB;
	BEGIN
	    -- Legacy writers take the same transaction advisory lock before their
	    -- enqueue. This closes the scan-to-trigger window during the caller switch.
	    PERFORM pg_advisory_xact_lock(hashtext('rick-intelligence:jobs-canonical-rewrite'));
	
	    IF EXISTS (
	        SELECT 1
	        FROM rick_ingestion_jobs j
	        JOIN rick_ingestion_job_attempts a ON a.job_id = j.job_id
	        WHERE j.contract_state IS NULL
	    ) THEN
	        RAISE EXCEPTION
	            'legacy jobs already have attempt rows; reconcile before Phase 2.3 rewrite';
	    END IF;
	
	    IF EXISTS (
	        SELECT 1
	        FROM rick_ingestion_jobs
	        WHERE contract_state IS NULL
	          AND status NOT IN ('queued', 'leased', 'processing', 'published',
	                             'acked', 'failed', 'dead', 'cancelled')
	    ) THEN
	        RAISE EXCEPTION 'legacy jobs contain an unknown status';
	    END IF;
	
	    IF EXISTS (
	        SELECT 1
	        FROM rick_ingestion_jobs
	        WHERE contract_state IS NULL
	          AND (attempts < 0 OR attempts > 64)
	    ) THEN
	        RAISE EXCEPTION 'legacy jobs contain an attempt count outside 0..64';
	    END IF;
	
	    IF EXISTS (
	        SELECT 1
	        FROM rick_ingestion_jobs
	        WHERE contract_state IS NULL
	          AND (updated_at < created_at OR available_at < created_at)
	    ) THEN
	        RAISE EXCEPTION 'legacy jobs contain timestamps outside the canonical lifetime';
	    END IF;
	
	    IF EXISTS (
	        SELECT 1
	        FROM rick_ingestion_jobs
	        WHERE contract_state IS NULL
	          AND (
	              job_id !~ '^[A-Za-z0-9][A-Za-z0-9_.:-]{0,127}$'
	              OR tenant_id !~ '^[A-Za-z0-9][A-Za-z0-9_.:-]{0,127}$'
	              OR workspace_id !~ '^[A-Za-z0-9][A-Za-z0-9_.:-]{0,127}$'
	              OR collection_id !~ '^[A-Za-z0-9][A-Za-z0-9_.:-]{0,127}$'
	              OR idempotency_key !~ '^[A-Za-z0-9][A-Za-z0-9_.:-]{0,127}$'
	          )
	    ) THEN
	        RAISE EXCEPTION 'legacy jobs contain an identifier or scope outside the canonical contract';
	    END IF;
	
	    IF EXISTS (
	        SELECT 1
	        FROM rick_ingestion_jobs
	        WHERE contract_state IS NULL
	          AND (
	              operation IS NULL
	              OR length(operation) = 0
	              OR length(operation) > 64
	              OR operation ~ '[[:cntrl:]]'
	              OR operation !~ '^[A-Za-z0-9][A-Za-z0-9_.:-]{0,63}$'
	          )
	    ) THEN
	        RAISE EXCEPTION 'legacy jobs contain an operation outside the canonical contract';
	    END IF;
	
	    FOR job_row IN
	        SELECT *
	        FROM rick_ingestion_jobs
	        WHERE contract_state IS NULL
	        ORDER BY created_at, job_id
	        FOR UPDATE
	    LOOP
	        effective_max_attempts := GREATEST(1, COALESCE(job_row.max_attempts, 3));
	        observed_attempts := GREATEST(0, COALESCE(job_row.attempts, 0));
	        IF observed_attempts > effective_max_attempts THEN
	            effective_max_attempts := observed_attempts;
	        END IF;
	
	        target_state := 'QUEUED';
	        target_status := 'queued';
	        target_payload := COALESCE(job_row.payload, '{}'::jsonb);
	        target_result := NULL;
	        target_failure := NULL;
	        canonical_document_id := NULLIF(job_row.document_id, '');
	        lease_worker := NULL;
	        lease_acquired := NULL;
	        lease_expires := NULL;
	        retryable_failure := TRUE;
	
	        IF jsonb_typeof(target_payload) <> 'object' THEN
	            RAISE EXCEPTION 'legacy job % payload is not a JSON object', job_row.job_id;
	        END IF;
	        IF target_payload ? 'display_filename' THEN
	            IF target_payload ? 'filename_ref' THEN
	                RAISE EXCEPTION 'legacy job % has conflicting filename references', job_row.job_id;
	            END IF;
	            IF jsonb_typeof(target_payload -> 'display_filename') <> 'string' THEN
	                RAISE EXCEPTION 'legacy job % display filename is not text', job_row.job_id;
	            END IF;
	            target_payload := (target_payload - 'display_filename') || jsonb_build_object(
	                'filename_ref', replace(
	                    replace(encode(convert_to(target_payload ->> 'display_filename', 'UTF8'), 'base64'), E'\n', ''),
	                    E'\r', ''
	                )
	            );
	        END IF;
	        IF target_payload ->> 'document_id' = '' THEN
	            target_payload := target_payload - 'document_id';
	        END IF;
	        IF (SELECT count(*) FROM jsonb_object_keys(target_payload)) > 32
	           OR EXISTS (
	               SELECT 1
	               FROM jsonb_each_text(target_payload) AS payload_item(key, value)
	               WHERE jsonb_typeof(target_payload -> payload_item.key) <> 'string'
	                  OR length(payload_item.key) = 0
	                  OR length(payload_item.key) > 64
	                  OR payload_item.key !~ '^[a-z][a-z0-9_.:-]{0,63}$'
	                  OR payload_item.key ~* '(api[_-]?key|authorization|bearer|credential|password|pem|prompt|private|provider[_-]?(response|result)|raw[_-]?content|response|secret|token)'
	                  OR (
	                      payload_item.key NOT IN (
	                          'attempt_id', 'byte_size', 'bytes', 'checksum', 'chunk_id',
	                          'collection_id', 'document_id', 'etag', 'filename', 'hash',
	                          'index_version', 'job_id', 'lease_id', 'mime_type', 'model_id',
	                          'object_key', 'operation', 'page', 'provider_id', 'schema_version',
	                          'section', 'size', 'source_key', 'stage', 'state', 'status',
	                          'tenant_id', 'trace_id', 'uri', 'url', 'version', 'vector_id',
	                          'workspace_id'
	                      )
	                      AND payload_item.key !~ '(_id|_key|_ref|_version|_hash|_checksum|_uri|_url)$'
	                  )
	                  OR length(payload_item.value) = 0
	                  OR length(payload_item.value) > 512
	                  OR payload_item.value !~ '^[A-Za-z0-9][A-Za-z0-9_.:/@?=&%+~,\-]*$'
	                  OR payload_item.value ~* '(^|[^a-z0-9])(sk|pk|rk|ghp|glpat|xox[baprs])_[a-z0-9_-]*($|[^a-z0-9])'
	                  OR payload_item.value ~* '(bearer|basic)[[:space:]]+[a-z0-9._~+/=-]{8,}'
	                  OR payload_item.value ~* '(api[_-]?key|authorization|password|secret|token|private[_[:space:]-]?key)[[:space:]]*[:=]'
	                  OR payload_item.value ~* '(raw[-_.[:space:]]?(document[-_.[:space:]]?)?(content|body|text))'
	                  OR payload_item.value ~* '((full[-_.[:space:]]?)?document[-_.[:space:]]?(content|body|text))'
	                  OR payload_item.value ~* '(provider[-_.[:space:]]?(response|result))'
	                  OR payload_item.value ~* '-----begin[-_[:space:]]*(private|secret)?[-_[:space:]]*key-----'
	           ) THEN
	            RAISE EXCEPTION 'legacy job % payload violates the bounded jobs contract', job_row.job_id;
	        END IF;
	
	        IF job_row.status IN ('published', 'acked') THEN
	            target_state := 'SUCCEEDED';
	            target_status := 'published';
	            observed_attempts := GREATEST(1, observed_attempts);
	            target_result := COALESCE(
	                job_row.result,
	                jsonb_build_object(
	                    'output_refs', '{}'::jsonb,
	                    'document_id', NULLIF(job_row.document_id, ''),
	                    'completed_at', EXTRACT(EPOCH FROM job_row.updated_at)
	                )
	            );
	            IF jsonb_typeof(target_result) <> 'object'
	               OR (target_result ? 'output_refs'
	                   AND jsonb_typeof(target_result -> 'output_refs') <> 'object')
	               OR NOT (target_result ? 'completed_at')
	               OR jsonb_typeof(target_result -> 'completed_at') <> 'number'
	               OR (target_result ->> 'completed_at')::DOUBLE PRECISION
	                    < EXTRACT(EPOCH FROM job_row.created_at)
	               OR (target_result ->> 'completed_at')::DOUBLE PRECISION
	                    > EXTRACT(EPOCH FROM job_row.updated_at) THEN
	                RAISE EXCEPTION 'legacy job % result violates the completed result contract', job_row.job_id;
	            END IF;
	            IF target_result ? 'document_id' THEN
	                IF jsonb_typeof(target_result -> 'document_id') NOT IN ('string', 'null')
	                   OR (jsonb_typeof(target_result -> 'document_id') = 'string'
	                       AND target_result ->> 'document_id' <> ''
	                       AND target_result ->> 'document_id'
	                           !~ '^[A-Za-z0-9][A-Za-z0-9_.:-]{0,127}$') THEN
	                    RAISE EXCEPTION 'legacy job % result document reference is invalid', job_row.job_id;
	                END IF;
	                IF jsonb_typeof(target_result -> 'document_id') = 'null'
	                   OR target_result ->> 'document_id' = '' THEN
	                    target_result := target_result - 'document_id';
	                ELSE
	                    IF canonical_document_id IS NOT NULL
	                       AND canonical_document_id <> (target_result ->> 'document_id') THEN
	                        RAISE EXCEPTION 'legacy job % result document reference conflicts with the job document', job_row.job_id;
	                    END IF;
	                    canonical_document_id := target_result ->> 'document_id';
	                END IF;
	            END IF;
	            IF target_result ? 'output_refs'
	               AND (
	                   (SELECT count(*) FROM jsonb_object_keys(target_result -> 'output_refs')) > 32
	                   OR EXISTS (
	                       SELECT 1
	                       FROM jsonb_each_text(target_result -> 'output_refs') AS result_item(key, value)
	                       WHERE jsonb_typeof((target_result -> 'output_refs') -> result_item.key) <> 'string'
	                          OR length(result_item.key) = 0
	                          OR length(result_item.key) > 64
	                          OR result_item.key !~ '^[a-z][a-z0-9_.:-]{0,63}$'
	                          OR result_item.key ~* '(api[_-]?key|authorization|bearer|credential|password|pem|prompt|private|provider[_-]?(response|result)|raw[_-]?content|response|secret|token)'
	                          OR (
	                              result_item.key NOT IN (
	                                  'attempt_id', 'byte_size', 'bytes', 'checksum', 'chunk_id',
	                                  'collection_id', 'document_id', 'etag', 'filename', 'hash',
	                                  'index_version', 'job_id', 'lease_id', 'mime_type', 'model_id',
	                                  'object_key', 'operation', 'page', 'provider_id', 'schema_version',
	                                  'section', 'size', 'source_key', 'stage', 'state', 'status',
	                                  'tenant_id', 'trace_id', 'uri', 'url', 'version', 'vector_id',
	                                  'workspace_id'
	                              )
	                              AND result_item.key !~ '(_id|_key|_ref|_version|_hash|_checksum|_uri|_url)$'
	                          )
	                          OR length(result_item.value) = 0
	                          OR length(result_item.value) > 512
	                          OR result_item.value !~ '^[A-Za-z0-9][A-Za-z0-9_.:/@?=&%+~,\-]*$'
	                          OR result_item.value ~* '(^|[^a-z0-9])(sk|pk|rk|ghp|glpat|xox[baprs])_[a-z0-9_-]*($|[^a-z0-9])'
	                          OR result_item.value ~* '(bearer|basic)[[:space:]]+[a-z0-9._~+/=-]{8,}'
	                          OR result_item.value ~* '(api[_-]?key|authorization|password|secret|token|private[_[:space:]-]?key)[[:space:]]*[:=]'
	                          OR result_item.value ~* '(raw[-_.[:space:]]?(document[-_.[:space:]]?)?(content|body|text))'
	                          OR result_item.value ~* '((full[-_.[:space:]]?)?document[-_.[:space:]]?(content|body|text))'
	                          OR result_item.value ~* '(provider[-_.[:space:]]?(response|result))'
	                          OR result_item.value ~* '-----begin[-_[:space:]]*(private|secret)?[-_[:space:]]*key-----'
	                   )
	               ) THEN
	                RAISE EXCEPTION 'legacy job % result references violate the bounded metadata contract', job_row.job_id;
	            END IF;
	        ELSIF job_row.status = 'cancelled' THEN
	            target_state := 'CANCELLED';
	            target_status := 'cancelled';
	        ELSIF job_row.status = 'dead' THEN
	            target_state := 'DEAD_LETTER';
	            target_status := 'dead';
	            observed_attempts := GREATEST(1, observed_attempts);
	            retryable_failure := FALSE;
	        ELSIF job_row.status IN ('leased', 'processing')
	              AND job_row.lease_owner IS NOT NULL
	              AND job_row.lease_until IS NOT NULL
	              AND job_row.lease_until > COALESCE(job_row.lease_acquired_at, job_row.created_at)
	              AND job_row.lease_until > clock_timestamp() THEN
	            target_state := 'RUNNING';
	            target_status := 'processing';
	            observed_attempts := GREATEST(1, observed_attempts);
	            lease_worker := COALESCE(
	                job_row.lease_worker_id,
	                split_part(job_row.lease_owner, ':', 1),
	                'legacy-migration'
	            );
	            lease_acquired := COALESCE(
	                job_row.lease_acquired_at,
	                job_row.created_at
	            );
	            lease_expires := job_row.lease_until;
	        ELSIF job_row.status IN ('failed', 'dead')
	              AND observed_attempts >= effective_max_attempts THEN
	            target_state := 'DEAD_LETTER';
	            target_status := 'dead';
	            observed_attempts := GREATEST(1, observed_attempts);
	            retryable_failure := FALSE;
	        ELSIF job_row.status IN ('queued', 'leased', 'processing')
	              AND observed_attempts >= effective_max_attempts
	              AND observed_attempts > 0 THEN
	            target_state := 'DEAD_LETTER';
	            target_status := 'dead';
	            retryable_failure := FALSE;
	        ELSIF job_row.status IN ('failed', 'leased', 'processing') THEN
	            -- Expired or failed legacy work is made claimable after a
	            -- synthetic finished attempt. The canonical queue will apply its
	            -- normal retry policy from this point onward.
	            target_state := 'QUEUED';
	            target_status := 'queued';
	            observed_attempts := GREATEST(1, observed_attempts);
	        END IF;
	
	        IF target_state = 'RUNNING' THEN
	            -- The active attempt is materialized below with a NULL finish.
	            NULL;
	        END IF;
	
	        FOR attempt_no IN 1..observed_attempts LOOP
	            attempt_started := job_row.created_at
	                + ((job_row.updated_at - job_row.created_at)
	                   * ((attempt_no - 1)::DOUBLE PRECISION / observed_attempts));
	            IF target_state = 'RUNNING' AND attempt_no = observed_attempts THEN
	                attempt_state := 'RUNNING';
	                attempt_finished := NULL;
	                attempt_failure := NULL;
	            ELSIF target_state = 'SUCCEEDED' AND attempt_no = observed_attempts THEN
	                attempt_state := 'SUCCEEDED';
	                attempt_finished := GREATEST(attempt_started, job_row.updated_at);
	                attempt_failure := NULL;
	            ELSIF target_state = 'CANCELLED' AND attempt_no = observed_attempts THEN
	                attempt_state := 'CANCELLED';
	                attempt_finished := GREATEST(attempt_started, job_row.updated_at);
	                attempt_failure := NULL;
	            ELSE
	                attempt_state := 'FAILED';
	                attempt_finished := GREATEST(
	                    attempt_started,
	                    job_row.created_at
	                        + ((job_row.updated_at - job_row.created_at)
	                           * (attempt_no::DOUBLE PRECISION / observed_attempts))
	                );
	                attempt_failure := jsonb_build_object(
	                    'code', CASE
	                        WHEN job_row.last_error_code IN (
	                            'provider_timeout', 'provider_unavailable',
	                            'storage_unavailable', 'lock_unavailable',
	                            'validation_error', 'ingestion_failed',
	                            'cancelled', 'recovery_required'
	                        ) THEN job_row.last_error_code
	                        ELSE 'legacy_failure'
	                    END,
	                    'message', CASE
	                        WHEN target_state = 'DEAD_LETTER'
	                            THEN 'legacy job exhausted its bounded retry history'
	                        WHEN attempt_no = observed_attempts AND retryable_failure
	                            THEN 'legacy job requires a bounded retry'
	                        ELSE 'legacy failure reconstructed during canonical migration'
	                    END,
	                    'retryable', retryable_failure,
	                    'attempt', attempt_no,
	                    'occurred_at', EXTRACT(EPOCH FROM attempt_finished)
	                );
	            END IF;
	
	            INSERT INTO rick_ingestion_job_attempts
	                (job_id, attempt_no, worker_id, state, started_at,
	                 finished_at, failure)
	            VALUES (
	                job_row.job_id,
	                attempt_no,
	                COALESCE(lease_worker, 'legacy-migration'),
	                attempt_state,
	                attempt_started,
	                attempt_finished,
	                attempt_failure
	            );
	        END LOOP;
	
	        IF target_state IN ('DEAD_LETTER', 'QUEUED') THEN
	            target_failure := CASE
	                WHEN target_state = 'DEAD_LETTER' THEN jsonb_build_object(
	                    'code', CASE
	                        WHEN job_row.last_error_code IN (
	                            'provider_timeout', 'provider_unavailable',
	                            'storage_unavailable', 'lock_unavailable',
	                            'validation_error', 'ingestion_failed',
	                            'cancelled', 'recovery_required'
	                        ) THEN job_row.last_error_code
	                        ELSE 'legacy_failure'
	                    END,
	                    'message', 'legacy job exhausted its bounded retry history',
	                    'retryable', FALSE,
	                    'attempt', observed_attempts,
	                    'occurred_at', EXTRACT(EPOCH FROM job_row.updated_at)
	                )
	                ELSE NULL
	            END;
	        END IF;
	
	        UPDATE rick_ingestion_jobs
	        SET contract_state = target_state,
	            contract_version = 'jobs-contract-v1',
	            document_id = canonical_document_id,
	            payload = target_payload,
	            max_attempts = effective_max_attempts,
	            attempts = observed_attempts,
	            status = target_status,
	            result = target_result,
	            failure = target_failure,
	            lease_worker_id = lease_worker,
	            lease_acquired_at = lease_acquired,
	            lease_until = lease_expires,
	            lease_owner = CASE WHEN target_state = 'RUNNING' THEN job_row.lease_owner ELSE NULL END,
	            updated_at = GREATEST(job_row.updated_at, job_row.created_at)
	        WHERE job_id = job_row.job_id;
	
	        -- Preserve the same durable projection contract used by canonical
	        -- mutations. The migration itself is observable and replay-safe: one
	        -- stable event id fans out to lifecycle, outbox, and audit records.
	        rewrite_event_id := format('job:%s:legacy-rewritten', job_row.job_id);
	        rewrite_metadata := jsonb_build_object(
	            'contract_version', 'jobs-contract-v1',
	            'migration', '0005_rewrite_legacy_jobs',
	            'legacy_status', job_row.status,
	            'state', target_state,
	            'attempt_count', observed_attempts,
	            'max_attempts', effective_max_attempts
	        );
	        INSERT INTO rick_ingestion_job_events
	            (event_id, job_id, tenant_id, workspace_id, collection_id,
	             event_type, from_state, to_state, version, metadata)
	        VALUES (
	            rewrite_event_id,
	            job_row.job_id,
	            job_row.tenant_id,
	            job_row.workspace_id,
	            job_row.collection_id,
	            'legacy_rewritten',
	            NULL,
	            target_state,
	            job_row.version,
	            rewrite_metadata
	        )
	        ON CONFLICT (event_id) DO NOTHING;
	        INSERT INTO rick_outbox
	            (event_id, tenant_id, aggregate_type, aggregate_id, event_type, payload)
	        VALUES (
	            rewrite_event_id,
	            job_row.tenant_id,
	            'job',
	            job_row.job_id,
	            'jobs.legacy_rewritten',
	            rewrite_metadata
	        )
	        ON CONFLICT (event_id) DO NOTHING;
	        INSERT INTO rick_audit_events
	            (event_id, tenant_id, actor_user_id, action, target_type,
	             target_id, workspace_id, metadata)
	        VALUES (
	            rewrite_event_id,
	            job_row.tenant_id,
	            NULL,
	            'jobs.legacy_rewritten',
	            'job',
	            job_row.job_id,
	            job_row.workspace_id,
	            rewrite_metadata
	        )
	        ON CONFLICT (event_id) DO NOTHING;
	    END LOOP;
	END $$;
	
	-- Every row is canonical after this point. A follow-up deployment must not
	-- reintroduce the legacy writer; the compatibility facade is read-only until
	-- all callers have moved to rick_jobs.
	DO $$
	BEGIN
	    IF EXISTS (SELECT 1 FROM rick_ingestion_jobs WHERE contract_state IS NULL) THEN
	        RAISE EXCEPTION 'Phase 2.3 legacy job rewrite left NULL contract rows';
	    END IF;
	END $$;
	
	-- The old facade remains importable for rollback/read compatibility, but it
	-- must not recreate a second writable authority after this migration.
	CREATE OR REPLACE FUNCTION rick_require_canonical_job_write()
	RETURNS trigger
	LANGUAGE plpgsql
	AS $$
	BEGIN
	    IF NEW.contract_state IS NULL THEN
	        RAISE EXCEPTION
	            'legacy job writes are disabled after Phase 2.3 canonical rewrite';
	    END IF;
	    RETURN NEW;
	END;
	$$;
	
	DROP TRIGGER IF EXISTS rick_require_canonical_job_write_trg ON rick_ingestion_jobs;
	CREATE TRIGGER rick_require_canonical_job_write_trg
	BEFORE INSERT OR UPDATE ON rick_ingestion_jobs
	FOR EACH ROW EXECUTE FUNCTION rick_require_canonical_job_write();
	
2026-09-25 14:53:42.598 UTC [55] LOG:  checkpoint starting: immediate force wait
2026-09-25 14:53:42.598 UTC [55] LOG:  checkpoint complete: wrote 5 buffers (0.1%); 0 WAL file(s) added, 0 removed, 0 recycled; write=0.001 s, sync=0.001 s, total=0.001 s; sync files=4, longest=0.001 s, average=0.001 s; distance=4936 kB, estimate=4962 kB; lsn=0/AF3CC60, redo lsn=0/AF3CC28
2026-09-25 14:53:43.028 UTC [55] LOG:  checkpoint starting: immediate force wait
2026-09-25 14:53:43.028 UTC [55] LOG:  checkpoint complete: wrote 5 buffers (0.1%); 0 WAL file(s) added, 0 removed, 1 recycled; write=0.001 s, sync=0.001 s, total=0.001 s; sync files=4, longest=0.001 s, average=0.001 s; distance=4966 kB, estimate=4966 kB; lsn=0/B416630, redo lsn=0/B4165F8
2026-09-25 14:53:43.396 UTC [1812] ERROR:  legacy job z-boundary payload violates the bounded jobs contract
2026-09-25 14:53:43.396 UTC [1812] CONTEXT:  PL/pgSQL function inline_code_block line 172 at RAISE
2026-09-25 14:53:43.396 UTC [1812] STATEMENT:  -- Phase 2.3: move the last legacy job rows into the canonical contract.
	--
	-- Migration 0004 deliberately left pre-existing rows in a NULL
	-- contract_state lane. This migration is the one-time, replayable caller
	-- switch: it creates a bounded attempt history before exposing each row to
	-- canonical claims. It fails closed for unknown states, impossible attempt
	-- counts, or an already populated canonical attempt table.
	
	DO $$
	DECLARE
	    job_row RECORD;
	    observed_attempts INTEGER;
	    effective_max_attempts INTEGER;
	    attempt_no INTEGER;
	    attempt_started TIMESTAMPTZ;
	    attempt_finished TIMESTAMPTZ;
	    attempt_state TEXT;
	    attempt_failure JSONB;
	    target_state TEXT;
	    target_status TEXT;
	    target_payload JSONB;
	    target_result JSONB;
	    target_failure JSONB;
	    lease_worker TEXT;
	    lease_acquired TIMESTAMPTZ;
	    lease_expires TIMESTAMPTZ;
	    retryable_failure BOOLEAN;
	    canonical_document_id TEXT;
	    rewrite_event_id TEXT;
	    rewrite_metadata JSONB;
	BEGIN
	    -- Legacy writers take the same transaction advisory lock before their
	    -- enqueue. This closes the scan-to-trigger window during the caller switch.
	    PERFORM pg_advisory_xact_lock(hashtext('rick-intelligence:jobs-canonical-rewrite'));
	
	    IF EXISTS (
	        SELECT 1
	        FROM rick_ingestion_jobs j
	        JOIN rick_ingestion_job_attempts a ON a.job_id = j.job_id
	        WHERE j.contract_state IS NULL
	    ) THEN
	        RAISE EXCEPTION
	            'legacy jobs already have attempt rows; reconcile before Phase 2.3 rewrite';
	    END IF;
	
	    IF EXISTS (
	        SELECT 1
	        FROM rick_ingestion_jobs
	        WHERE contract_state IS NULL
	          AND status NOT IN ('queued', 'leased', 'processing', 'published',
	                             'acked', 'failed', 'dead', 'cancelled')
	    ) THEN
	        RAISE EXCEPTION 'legacy jobs contain an unknown status';
	    END IF;
	
	    IF EXISTS (
	        SELECT 1
	        FROM rick_ingestion_jobs
	        WHERE contract_state IS NULL
	          AND (attempts < 0 OR attempts > 64)
	    ) THEN
	        RAISE EXCEPTION 'legacy jobs contain an attempt count outside 0..64';
	    END IF;
	
	    IF EXISTS (
	        SELECT 1
	        FROM rick_ingestion_jobs
	        WHERE contract_state IS NULL
	          AND (updated_at < created_at OR available_at < created_at)
	    ) THEN
	        RAISE EXCEPTION 'legacy jobs contain timestamps outside the canonical lifetime';
	    END IF;
	
	    IF EXISTS (
	        SELECT 1
	        FROM rick_ingestion_jobs
	        WHERE contract_state IS NULL
	          AND (
	              job_id !~ '^[A-Za-z0-9][A-Za-z0-9_.:-]{0,127}$'
	              OR tenant_id !~ '^[A-Za-z0-9][A-Za-z0-9_.:-]{0,127}$'
	              OR workspace_id !~ '^[A-Za-z0-9][A-Za-z0-9_.:-]{0,127}$'
	              OR collection_id !~ '^[A-Za-z0-9][A-Za-z0-9_.:-]{0,127}$'
	              OR idempotency_key !~ '^[A-Za-z0-9][A-Za-z0-9_.:-]{0,127}$'
	          )
	    ) THEN
	        RAISE EXCEPTION 'legacy jobs contain an identifier or scope outside the canonical contract';
	    END IF;
	
	    IF EXISTS (
	        SELECT 1
	        FROM rick_ingestion_jobs
	        WHERE contract_state IS NULL
	          AND (
	              operation IS NULL
	              OR length(operation) = 0
	              OR length(operation) > 64
	              OR operation ~ '[[:cntrl:]]'
	              OR operation !~ '^[A-Za-z0-9][A-Za-z0-9_.:-]{0,63}$'
	          )
	    ) THEN
	        RAISE EXCEPTION 'legacy jobs contain an operation outside the canonical contract';
	    END IF;
	
	    FOR job_row IN
	        SELECT *
	        FROM rick_ingestion_jobs
	        WHERE contract_state IS NULL
	        ORDER BY created_at, job_id
	        FOR UPDATE
	    LOOP
	        effective_max_attempts := GREATEST(1, COALESCE(job_row.max_attempts, 3));
	        observed_attempts := GREATEST(0, COALESCE(job_row.attempts, 0));
	        IF observed_attempts > effective_max_attempts THEN
	            effective_max_attempts := observed_attempts;
	        END IF;
	
	        target_state := 'QUEUED';
	        target_status := 'queued';
	        target_payload := COALESCE(job_row.payload, '{}'::jsonb);
	        target_result := NULL;
	        target_failure := NULL;
	        canonical_document_id := NULLIF(job_row.document_id, '');
	        lease_worker := NULL;
	        lease_acquired := NULL;
	        lease_expires := NULL;
	        retryable_failure := TRUE;
	
	        IF jsonb_typeof(target_payload) <> 'object' THEN
	            RAISE EXCEPTION 'legacy job % payload is not a JSON object', job_row.job_id;
	        END IF;
	        IF target_payload ? 'display_filename' THEN
	            IF target_payload ? 'filename_ref' THEN
	                RAISE EXCEPTION 'legacy job % has conflicting filename references', job_row.job_id;
	            END IF;
	            IF jsonb_typeof(target_payload -> 'display_filename') <> 'string' THEN
	                RAISE EXCEPTION 'legacy job % display filename is not text', job_row.job_id;
	            END IF;
	            target_payload := (target_payload - 'display_filename') || jsonb_build_object(
	                'filename_ref', replace(
	                    replace(encode(convert_to(target_payload ->> 'display_filename', 'UTF8'), 'base64'), E'\n', ''),
	                    E'\r', ''
	                )
	            );
	        END IF;
	        IF target_payload ->> 'document_id' = '' THEN
	            target_payload := target_payload - 'document_id';
	        END IF;
	        IF (SELECT count(*) FROM jsonb_object_keys(target_payload)) > 32
	           OR EXISTS (
	               SELECT 1
	               FROM jsonb_each_text(target_payload) AS payload_item(key, value)
	               WHERE jsonb_typeof(target_payload -> payload_item.key) <> 'string'
	                  OR length(payload_item.key) = 0
	                  OR length(payload_item.key) > 64
	                  OR payload_item.key !~ '^[a-z][a-z0-9_.:-]{0,63}$'
	                  OR payload_item.key ~* '(api[_-]?key|authorization|bearer|credential|password|pem|prompt|private|provider[_-]?(response|result)|raw[_-]?content|response|secret|token)'
	                  OR (
	                      payload_item.key NOT IN (
	                          'attempt_id', 'byte_size', 'bytes', 'checksum', 'chunk_id',
	                          'collection_id', 'document_id', 'etag', 'filename', 'hash',
	                          'index_version', 'job_id', 'lease_id', 'mime_type', 'model_id',
	                          'object_key', 'operation', 'page', 'provider_id', 'schema_version',
	                          'section', 'size', 'source_key', 'stage', 'state', 'status',
	                          'tenant_id', 'trace_id', 'uri', 'url', 'version', 'vector_id',
	                          'workspace_id'
	                      )
	                      AND payload_item.key !~ '(_id|_key|_ref|_version|_hash|_checksum|_uri|_url)$'
	                  )
	                  OR length(payload_item.value) = 0
	                  OR length(payload_item.value) > 512
	                  OR payload_item.value !~ '^[A-Za-z0-9][A-Za-z0-9_.:/@?=&%+~,\-]*$'
	                  OR payload_item.value ~* '(^|[^a-z0-9])(sk|pk|rk|ghp|glpat|xox[baprs])_[a-z0-9_-]*($|[^a-z0-9])'
	                  OR payload_item.value ~* '(bearer|basic)[[:space:]]+[a-z0-9._~+/=-]{8,}'
	                  OR payload_item.value ~* '(api[_-]?key|authorization|password|secret|token|private[_[:space:]-]?key)[[:space:]]*[:=]'
	                  OR payload_item.value ~* '(raw[-_.[:space:]]?(document[-_.[:space:]]?)?(content|body|text))'
	                  OR payload_item.value ~* '((full[-_.[:space:]]?)?document[-_.[:space:]]?(content|body|text))'
	                  OR payload_item.value ~* '(provider[-_.[:space:]]?(response|result))'
	                  OR payload_item.value ~* '-----begin[-_[:space:]]*(private|secret)?[-_[:space:]]*key-----'
	           ) THEN
	            RAISE EXCEPTION 'legacy job % payload violates the bounded jobs contract', job_row.job_id;
	        END IF;
	
	        IF job_row.status IN ('published', 'acked') THEN
	            target_state := 'SUCCEEDED';
	            target_status := 'published';
	            observed_attempts := GREATEST(1, observed_attempts);
	            target_result := COALESCE(
	                job_row.result,
	                jsonb_build_object(
	                    'output_refs', '{}'::jsonb,
	                    'document_id', NULLIF(job_row.document_id, ''),
	                    'completed_at', EXTRACT(EPOCH FROM job_row.updated_at)
	                )
	            );
	            IF jsonb_typeof(target_result) <> 'object'
	               OR (target_result ? 'output_refs'
	                   AND jsonb_typeof(target_result -> 'output_refs') <> 'object')
	               OR NOT (target_result ? 'completed_at')
	               OR jsonb_typeof(target_result -> 'completed_at') <> 'number'
	               OR (target_result ->> 'completed_at')::DOUBLE PRECISION
	                    < EXTRACT(EPOCH FROM job_row.created_at)
	               OR (target_result ->> 'completed_at')::DOUBLE PRECISION
	                    > EXTRACT(EPOCH FROM job_row.updated_at) THEN
	                RAISE EXCEPTION 'legacy job % result violates the completed result contract', job_row.job_id;
	            END IF;
	            IF target_result ? 'document_id' THEN
	                IF jsonb_typeof(target_result -> 'document_id') NOT IN ('string', 'null')
	                   OR (jsonb_typeof(target_result -> 'document_id') = 'string'
	                       AND target_result ->> 'document_id' <> ''
	                       AND target_result ->> 'document_id'
	                           !~ '^[A-Za-z0-9][A-Za-z0-9_.:-]{0,127}$') THEN
	                    RAISE EXCEPTION 'legacy job % result document reference is invalid', job_row.job_id;
	                END IF;
	                IF jsonb_typeof(target_result -> 'document_id') = 'null'
	                   OR target_result ->> 'document_id' = '' THEN
	                    target_result := target_result - 'document_id';
	                ELSE
	                    IF canonical_document_id IS NOT NULL
	                       AND canonical_document_id <> (target_result ->> 'document_id') THEN
	                        RAISE EXCEPTION 'legacy job % result document reference conflicts with the job document', job_row.job_id;
	                    END IF;
	                    canonical_document_id := target_result ->> 'document_id';
	                END IF;
	            END IF;
	            IF target_result ? 'output_refs'
	               AND (
	                   (SELECT count(*) FROM jsonb_object_keys(target_result -> 'output_refs')) > 32
	                   OR EXISTS (
	                       SELECT 1
	                       FROM jsonb_each_text(target_result -> 'output_refs') AS result_item(key, value)
	                       WHERE jsonb_typeof((target_result -> 'output_refs') -> result_item.key) <> 'string'
	                          OR length(result_item.key) = 0
	                          OR length(result_item.key) > 64
	                          OR result_item.key !~ '^[a-z][a-z0-9_.:-]{0,63}$'
	                          OR result_item.key ~* '(api[_-]?key|authorization|bearer|credential|password|pem|prompt|private|provider[_-]?(response|result)|raw[_-]?content|response|secret|token)'
	                          OR (
	                              result_item.key NOT IN (
	                                  'attempt_id', 'byte_size', 'bytes', 'checksum', 'chunk_id',
	                                  'collection_id', 'document_id', 'etag', 'filename', 'hash',
	                                  'index_version', 'job_id', 'lease_id', 'mime_type', 'model_id',
	                                  'object_key', 'operation', 'page', 'provider_id', 'schema_version',
	                                  'section', 'size', 'source_key', 'stage', 'state', 'status',
	                                  'tenant_id', 'trace_id', 'uri', 'url', 'version', 'vector_id',
	                                  'workspace_id'
	                              )
	                              AND result_item.key !~ '(_id|_key|_ref|_version|_hash|_checksum|_uri|_url)$'
	                          )
	                          OR length(result_item.value) = 0
	                          OR length(result_item.value) > 512
	                          OR result_item.value !~ '^[A-Za-z0-9][A-Za-z0-9_.:/@?=&%+~,\-]*$'
	                          OR result_item.value ~* '(^|[^a-z0-9])(sk|pk|rk|ghp|glpat|xox[baprs])_[a-z0-9_-]*($|[^a-z0-9])'
	                          OR result_item.value ~* '(bearer|basic)[[:space:]]+[a-z0-9._~+/=-]{8,}'
	                          OR result_item.value ~* '(api[_-]?key|authorization|password|secret|token|private[_[:space:]-]?key)[[:space:]]*[:=]'
	                          OR result_item.value ~* '(raw[-_.[:space:]]?(document[-_.[:space:]]?)?(content|body|text))'
	                          OR result_item.value ~* '((full[-_.[:space:]]?)?document[-_.[:space:]]?(content|body|text))'
	                          OR result_item.value ~* '(provider[-_.[:space:]]?(response|result))'
	                          OR result_item.value ~* '-----begin[-_[:space:]]*(private|secret)?[-_[:space:]]*key-----'
	                   )
	               ) THEN
	                RAISE EXCEPTION 'legacy job % result references violate the bounded metadata contract', job_row.job_id;
	            END IF;
	        ELSIF job_row.status = 'cancelled' THEN
	            target_state := 'CANCELLED';
	            target_status := 'cancelled';
	        ELSIF job_row.status = 'dead' THEN
	            target_state := 'DEAD_LETTER';
	            target_status := 'dead';
	            observed_attempts := GREATEST(1, observed_attempts);
	            retryable_failure := FALSE;
	        ELSIF job_row.status IN ('leased', 'processing')
	              AND job_row.lease_owner IS NOT NULL
	              AND job_row.lease_until IS NOT NULL
	              AND job_row.lease_until > COALESCE(job_row.lease_acquired_at, job_row.created_at)
	              AND job_row.lease_until > clock_timestamp() THEN
	            target_state := 'RUNNING';
	            target_status := 'processing';
	            observed_attempts := GREATEST(1, observed_attempts);
	            lease_worker := COALESCE(
	                job_row.lease_worker_id,
	                split_part(job_row.lease_owner, ':', 1),
	                'legacy-migration'
	            );
	            lease_acquired := COALESCE(
	                job_row.lease_acquired_at,
	                job_row.created_at
	            );
	            lease_expires := job_row.lease_until;
	        ELSIF job_row.status IN ('failed', 'dead')
	              AND observed_attempts >= effective_max_attempts THEN
	            target_state := 'DEAD_LETTER';
	            target_status := 'dead';
	            observed_attempts := GREATEST(1, observed_attempts);
	            retryable_failure := FALSE;
	        ELSIF job_row.status IN ('queued', 'leased', 'processing')
	              AND observed_attempts >= effective_max_attempts
	              AND observed_attempts > 0 THEN
	            target_state := 'DEAD_LETTER';
	            target_status := 'dead';
	            retryable_failure := FALSE;
	        ELSIF job_row.status IN ('failed', 'leased', 'processing') THEN
	            -- Expired or failed legacy work is made claimable after a
	            -- synthetic finished attempt. The canonical queue will apply its
	            -- normal retry policy from this point onward.
	            target_state := 'QUEUED';
	            target_status := 'queued';
	            observed_attempts := GREATEST(1, observed_attempts);
	        END IF;
	
	        IF target_state = 'RUNNING' THEN
	            -- The active attempt is materialized below with a NULL finish.
	            NULL;
	        END IF;
	
	        FOR attempt_no IN 1..observed_attempts LOOP
	            attempt_started := job_row.created_at
	                + ((job_row.updated_at - job_row.created_at)
	                   * ((attempt_no - 1)::DOUBLE PRECISION / observed_attempts));
	            IF target_state = 'RUNNING' AND attempt_no = observed_attempts THEN
	                attempt_state := 'RUNNING';
	                attempt_finished := NULL;
	                attempt_failure := NULL;
	            ELSIF target_state = 'SUCCEEDED' AND attempt_no = observed_attempts THEN
	                attempt_state := 'SUCCEEDED';
	                attempt_finished := GREATEST(attempt_started, job_row.updated_at);
	                attempt_failure := NULL;
	            ELSIF target_state = 'CANCELLED' AND attempt_no = observed_attempts THEN
	                attempt_state := 'CANCELLED';
	                attempt_finished := GREATEST(attempt_started, job_row.updated_at);
	                attempt_failure := NULL;
	            ELSE
	                attempt_state := 'FAILED';
	                attempt_finished := GREATEST(
	                    attempt_started,
	                    job_row.created_at
	                        + ((job_row.updated_at - job_row.created_at)
	                           * (attempt_no::DOUBLE PRECISION / observed_attempts))
	                );
	                attempt_failure := jsonb_build_object(
	                    'code', CASE
	                        WHEN job_row.last_error_code IN (
	                            'provider_timeout', 'provider_unavailable',
	                            'storage_unavailable', 'lock_unavailable',
	                            'validation_error', 'ingestion_failed',
	                            'cancelled', 'recovery_required'
	                        ) THEN job_row.last_error_code
	                        ELSE 'legacy_failure'
	                    END,
	                    'message', CASE
	                        WHEN target_state = 'DEAD_LETTER'
	                            THEN 'legacy job exhausted its bounded retry history'
	                        WHEN attempt_no = observed_attempts AND retryable_failure
	                            THEN 'legacy job requires a bounded retry'
	                        ELSE 'legacy failure reconstructed during canonical migration'
	                    END,
	                    'retryable', retryable_failure,
	                    'attempt', attempt_no,
	                    'occurred_at', EXTRACT(EPOCH FROM attempt_finished)
	                );
	            END IF;
	
	            INSERT INTO rick_ingestion_job_attempts
	                (job_id, attempt_no, worker_id, state, started_at,
	                 finished_at, failure)
	            VALUES (
	                job_row.job_id,
	                attempt_no,
	                COALESCE(lease_worker, 'legacy-migration'),
	                attempt_state,
	                attempt_started,
	                attempt_finished,
	                attempt_failure
	            );
	        END LOOP;
	
	        IF target_state IN ('DEAD_LETTER', 'QUEUED') THEN
	            target_failure := CASE
	                WHEN target_state = 'DEAD_LETTER' THEN jsonb_build_object(
	                    'code', CASE
	                        WHEN job_row.last_error_code IN (
	                            'provider_timeout', 'provider_unavailable',
	                            'storage_unavailable', 'lock_unavailable',
	                            'validation_error', 'ingestion_failed',
	                            'cancelled', 'recovery_required'
	                        ) THEN job_row.last_error_code
	                        ELSE 'legacy_failure'
	                    END,
	                    'message', 'legacy job exhausted its bounded retry history',
	                    'retryable', FALSE,
	                    'attempt', observed_attempts,
	                    'occurred_at', EXTRACT(EPOCH FROM job_row.updated_at)
	                )
	                ELSE NULL
	            END;
	        END IF;
	
	        UPDATE rick_ingestion_jobs
	        SET contract_state = target_state,
	            contract_version = 'jobs-contract-v1',
	            document_id = canonical_document_id,
	            payload = target_payload,
	            max_attempts = effective_max_attempts,
	            attempts = observed_attempts,
	            status = target_status,
	            result = target_result,
	            failure = target_failure,
	            lease_worker_id = lease_worker,
	            lease_acquired_at = lease_acquired,
	            lease_until = lease_expires,
	            lease_owner = CASE WHEN target_state = 'RUNNING' THEN job_row.lease_owner ELSE NULL END,
	            updated_at = GREATEST(job_row.updated_at, job_row.created_at)
	        WHERE job_id = job_row.job_id;
	
	        -- Preserve the same durable projection contract used by canonical
	        -- mutations. The migration itself is observable and replay-safe: one
	        -- stable event id fans out to lifecycle, outbox, and audit records.
	        rewrite_event_id := format('job:%s:legacy-rewritten', job_row.job_id);
	        rewrite_metadata := jsonb_build_object(
	            'contract_version', 'jobs-contract-v1',
	            'migration', '0005_rewrite_legacy_jobs',
	            'legacy_status', job_row.status,
	            'state', target_state,
	            'attempt_count', observed_attempts,
	            'max_attempts', effective_max_attempts
	        );
	        INSERT INTO rick_ingestion_job_events
	            (event_id, job_id, tenant_id, workspace_id, collection_id,
	             event_type, from_state, to_state, version, metadata)
	        VALUES (
	            rewrite_event_id,
	            job_row.job_id,
	            job_row.tenant_id,
	            job_row.workspace_id,
	            job_row.collection_id,
	            'legacy_rewritten',
	            NULL,
	            target_state,
	            job_row.version,
	            rewrite_metadata
	        )
	        ON CONFLICT (event_id) DO NOTHING;
	        INSERT INTO rick_outbox
	            (event_id, tenant_id, aggregate_type, aggregate_id, event_type, payload)
	        VALUES (
	            rewrite_event_id,
	            job_row.tenant_id,
	            'job',
	            job_row.job_id,
	            'jobs.legacy_rewritten',
	            rewrite_metadata
	        )
	        ON CONFLICT (event_id) DO NOTHING;
	        INSERT INTO rick_audit_events
	            (event_id, tenant_id, actor_user_id, action, target_type,
	             target_id, workspace_id, metadata)
	        VALUES (
	            rewrite_event_id,
	            job_row.tenant_id,
	            NULL,
	            'jobs.legacy_rewritten',
	            'job',
	            job_row.job_id,
	            job_row.workspace_id,
	            rewrite_metadata
	        )
	        ON CONFLICT (event_id) DO NOTHING;
	    END LOOP;
	END $$;
	
	-- Every row is canonical after this point. A follow-up deployment must not
	-- reintroduce the legacy writer; the compatibility facade is read-only until
	-- all callers have moved to rick_jobs.
	DO $$
	BEGIN
	    IF EXISTS (SELECT 1 FROM rick_ingestion_jobs WHERE contract_state IS NULL) THEN
	        RAISE EXCEPTION 'Phase 2.3 legacy job rewrite left NULL contract rows';
	    END IF;
	END $$;
	
	-- The old facade remains importable for rollback/read compatibility, but it
	-- must not recreate a second writable authority after this migration.
	CREATE OR REPLACE FUNCTION rick_require_canonical_job_write()
	RETURNS trigger
	LANGUAGE plpgsql
	AS $$
	BEGIN
	    IF NEW.contract_state IS NULL THEN
	        RAISE EXCEPTION
	            'legacy job writes are disabled after Phase 2.3 canonical rewrite';
	    END IF;
	    RETURN NEW;
	END;
	$$;
	
	DROP TRIGGER IF EXISTS rick_require_canonical_job_write_trg ON rick_ingestion_jobs;
	CREATE TRIGGER rick_require_canonical_job_write_trg
	BEFORE INSERT OR UPDATE ON rick_ingestion_jobs
	FOR EACH ROW EXECUTE FUNCTION rick_require_canonical_job_write();
	
2026-09-25 14:53:43.579 UTC [55] LOG:  checkpoint starting: immediate force wait
2026-09-25 14:53:43.580 UTC [55] LOG:  checkpoint complete: wrote 5 buffers (0.1%); 0 WAL file(s) added, 0 removed, 0 recycled; write=0.001 s, sync=0.001 s, total=0.001 s; sync files=4, longest=0.001 s, average=0.001 s; distance=4936 kB, estimate=4963 kB; lsn=0/B8E8960, redo lsn=0/B8E8928
2026-09-25 14:53:43.998 UTC [1861] ERROR:  legacy job z-boundary payload violates the bounded jobs contract
2026-09-25 14:53:43.998 UTC [1861] CONTEXT:  PL/pgSQL function inline_code_block line 172 at RAISE
2026-09-25 14:53:43.998 UTC [1861] STATEMENT:  -- Phase 2.3: move the last legacy job rows into the canonical contract.
	--
	-- Migration 0004 deliberately left pre-existing rows in a NULL
	-- contract_state lane. This migration is the one-time, replayable caller
	-- switch: it creates a bounded attempt history before exposing each row to
	-- canonical claims. It fails closed for unknown states, impossible attempt
	-- counts, or an already populated canonical attempt table.
	
	DO $$
	DECLARE
	    job_row RECORD;
	    observed_attempts INTEGER;
	    effective_max_attempts INTEGER;
	    attempt_no INTEGER;
	    attempt_started TIMESTAMPTZ;
	    attempt_finished TIMESTAMPTZ;
	    attempt_state TEXT;
	    attempt_failure JSONB;
	    target_state TEXT;
	    target_status TEXT;
	    target_payload JSONB;
	    target_result JSONB;
	    target_failure JSONB;
	    lease_worker TEXT;
	    lease_acquired TIMESTAMPTZ;
	    lease_expires TIMESTAMPTZ;
	    retryable_failure BOOLEAN;
	    canonical_document_id TEXT;
	    rewrite_event_id TEXT;
	    rewrite_metadata JSONB;
	BEGIN
	    -- Legacy writers take the same transaction advisory lock before their
	    -- enqueue. This closes the scan-to-trigger window during the caller switch.
	    PERFORM pg_advisory_xact_lock(hashtext('rick-intelligence:jobs-canonical-rewrite'));
	
	    IF EXISTS (
	        SELECT 1
	        FROM rick_ingestion_jobs j
	        JOIN rick_ingestion_job_attempts a ON a.job_id = j.job_id
	        WHERE j.contract_state IS NULL
	    ) THEN
	        RAISE EXCEPTION
	            'legacy jobs already have attempt rows; reconcile before Phase 2.3 rewrite';
	    END IF;
	
	    IF EXISTS (
	        SELECT 1
	        FROM rick_ingestion_jobs
	        WHERE contract_state IS NULL
	          AND status NOT IN ('queued', 'leased', 'processing', 'published',
	                             'acked', 'failed', 'dead', 'cancelled')
	    ) THEN
	        RAISE EXCEPTION 'legacy jobs contain an unknown status';
	    END IF;
	
	    IF EXISTS (
	        SELECT 1
	        FROM rick_ingestion_jobs
	        WHERE contract_state IS NULL
	          AND (attempts < 0 OR attempts > 64)
	    ) THEN
	        RAISE EXCEPTION 'legacy jobs contain an attempt count outside 0..64';
	    END IF;
	
	    IF EXISTS (
	        SELECT 1
	        FROM rick_ingestion_jobs
	        WHERE contract_state IS NULL
	          AND (updated_at < created_at OR available_at < created_at)
	    ) THEN
	        RAISE EXCEPTION 'legacy jobs contain timestamps outside the canonical lifetime';
	    END IF;
	
	    IF EXISTS (
	        SELECT 1
	        FROM rick_ingestion_jobs
	        WHERE contract_state IS NULL
	          AND (
	              job_id !~ '^[A-Za-z0-9][A-Za-z0-9_.:-]{0,127}$'
	              OR tenant_id !~ '^[A-Za-z0-9][A-Za-z0-9_.:-]{0,127}$'
	              OR workspace_id !~ '^[A-Za-z0-9][A-Za-z0-9_.:-]{0,127}$'
	              OR collection_id !~ '^[A-Za-z0-9][A-Za-z0-9_.:-]{0,127}$'
	              OR idempotency_key !~ '^[A-Za-z0-9][A-Za-z0-9_.:-]{0,127}$'
	          )
	    ) THEN
	        RAISE EXCEPTION 'legacy jobs contain an identifier or scope outside the canonical contract';
	    END IF;
	
	    IF EXISTS (
	        SELECT 1
	        FROM rick_ingestion_jobs
	        WHERE contract_state IS NULL
	          AND (
	              operation IS NULL
	              OR length(operation) = 0
	              OR length(operation) > 64
	              OR operation ~ '[[:cntrl:]]'
	              OR operation !~ '^[A-Za-z0-9][A-Za-z0-9_.:-]{0,63}$'
	          )
	    ) THEN
	        RAISE EXCEPTION 'legacy jobs contain an operation outside the canonical contract';
	    END IF;
	
	    FOR job_row IN
	        SELECT *
	        FROM rick_ingestion_jobs
	        WHERE contract_state IS NULL
	        ORDER BY created_at, job_id
	        FOR UPDATE
	    LOOP
	        effective_max_attempts := GREATEST(1, COALESCE(job_row.max_attempts, 3));
	        observed_attempts := GREATEST(0, COALESCE(job_row.attempts, 0));
	        IF observed_attempts > effective_max_attempts THEN
	            effective_max_attempts := observed_attempts;
	        END IF;
	
	        target_state := 'QUEUED';
	        target_status := 'queued';
	        target_payload := COALESCE(job_row.payload, '{}'::jsonb);
	        target_result := NULL;
	        target_failure := NULL;
	        canonical_document_id := NULLIF(job_row.document_id, '');
	        lease_worker := NULL;
	        lease_acquired := NULL;
	        lease_expires := NULL;
	        retryable_failure := TRUE;
	
	        IF jsonb_typeof(target_payload) <> 'object' THEN
	            RAISE EXCEPTION 'legacy job % payload is not a JSON object', job_row.job_id;
	        END IF;
	        IF target_payload ? 'display_filename' THEN
	            IF target_payload ? 'filename_ref' THEN
	                RAISE EXCEPTION 'legacy job % has conflicting filename references', job_row.job_id;
	            END IF;
	            IF jsonb_typeof(target_payload -> 'display_filename') <> 'string' THEN
	                RAISE EXCEPTION 'legacy job % display filename is not text', job_row.job_id;
	            END IF;
	            target_payload := (target_payload - 'display_filename') || jsonb_build_object(
	                'filename_ref', replace(
	                    replace(encode(convert_to(target_payload ->> 'display_filename', 'UTF8'), 'base64'), E'\n', ''),
	                    E'\r', ''
	                )
	            );
	        END IF;
	        IF target_payload ->> 'document_id' = '' THEN
	            target_payload := target_payload - 'document_id';
	        END IF;
	        IF (SELECT count(*) FROM jsonb_object_keys(target_payload)) > 32
	           OR EXISTS (
	               SELECT 1
	               FROM jsonb_each_text(target_payload) AS payload_item(key, value)
	               WHERE jsonb_typeof(target_payload -> payload_item.key) <> 'string'
	                  OR length(payload_item.key) = 0
	                  OR length(payload_item.key) > 64
	                  OR payload_item.key !~ '^[a-z][a-z0-9_.:-]{0,63}$'
	                  OR payload_item.key ~* '(api[_-]?key|authorization|bearer|credential|password|pem|prompt|private|provider[_-]?(response|result)|raw[_-]?content|response|secret|token)'
	                  OR (
	                      payload_item.key NOT IN (
	                          'attempt_id', 'byte_size', 'bytes', 'checksum', 'chunk_id',
	                          'collection_id', 'document_id', 'etag', 'filename', 'hash',
	                          'index_version', 'job_id', 'lease_id', 'mime_type', 'model_id',
	                          'object_key', 'operation', 'page', 'provider_id', 'schema_version',
	                          'section', 'size', 'source_key', 'stage', 'state', 'status',
	                          'tenant_id', 'trace_id', 'uri', 'url', 'version', 'vector_id',
	                          'workspace_id'
	                      )
	                      AND payload_item.key !~ '(_id|_key|_ref|_version|_hash|_checksum|_uri|_url)$'
	                  )
	                  OR length(payload_item.value) = 0
	                  OR length(payload_item.value) > 512
	                  OR payload_item.value !~ '^[A-Za-z0-9][A-Za-z0-9_.:/@?=&%+~,\-]*$'
	                  OR payload_item.value ~* '(^|[^a-z0-9])(sk|pk|rk|ghp|glpat|xox[baprs])_[a-z0-9_-]*($|[^a-z0-9])'
	                  OR payload_item.value ~* '(bearer|basic)[[:space:]]+[a-z0-9._~+/=-]{8,}'
	                  OR payload_item.value ~* '(api[_-]?key|authorization|password|secret|token|private[_[:space:]-]?key)[[:space:]]*[:=]'
	                  OR payload_item.value ~* '(raw[-_.[:space:]]?(document[-_.[:space:]]?)?(content|body|text))'
	                  OR payload_item.value ~* '((full[-_.[:space:]]?)?document[-_.[:space:]]?(content|body|text))'
	                  OR payload_item.value ~* '(provider[-_.[:space:]]?(response|result))'
	                  OR payload_item.value ~* '-----begin[-_[:space:]]*(private|secret)?[-_[:space:]]*key-----'
	           ) THEN
	            RAISE EXCEPTION 'legacy job % payload violates the bounded jobs contract', job_row.job_id;
	        END IF;
	
	        IF job_row.status IN ('published', 'acked') THEN
	            target_state := 'SUCCEEDED';
	            target_status := 'published';
	            observed_attempts := GREATEST(1, observed_attempts);
	            target_result := COALESCE(
	                job_row.result,
	                jsonb_build_object(
	                    'output_refs', '{}'::jsonb,
	                    'document_id', NULLIF(job_row.document_id, ''),
	                    'completed_at', EXTRACT(EPOCH FROM job_row.updated_at)
	                )
	            );
	            IF jsonb_typeof(target_result) <> 'object'
	               OR (target_result ? 'output_refs'
	                   AND jsonb_typeof(target_result -> 'output_refs') <> 'object')
	               OR NOT (target_result ? 'completed_at')
	               OR jsonb_typeof(target_result -> 'completed_at') <> 'number'
	               OR (target_result ->> 'completed_at')::DOUBLE PRECISION
	                    < EXTRACT(EPOCH FROM job_row.created_at)
	               OR (target_result ->> 'completed_at')::DOUBLE PRECISION
	                    > EXTRACT(EPOCH FROM job_row.updated_at) THEN
	                RAISE EXCEPTION 'legacy job % result violates the completed result contract', job_row.job_id;
	            END IF;
	            IF target_result ? 'document_id' THEN
	                IF jsonb_typeof(target_result -> 'document_id') NOT IN ('string', 'null')
	                   OR (jsonb_typeof(target_result -> 'document_id') = 'string'
	                       AND target_result ->> 'document_id' <> ''
	                       AND target_result ->> 'document_id'
	                           !~ '^[A-Za-z0-9][A-Za-z0-9_.:-]{0,127}$') THEN
	                    RAISE EXCEPTION 'legacy job % result document reference is invalid', job_row.job_id;
	                END IF;
	                IF jsonb_typeof(target_result -> 'document_id') = 'null'
	                   OR target_result ->> 'document_id' = '' THEN
	                    target_result := target_result - 'document_id';
	                ELSE
	                    IF canonical_document_id IS NOT NULL
	                       AND canonical_document_id <> (target_result ->> 'document_id') THEN
	                        RAISE EXCEPTION 'legacy job % result document reference conflicts with the job document', job_row.job_id;
	                    END IF;
	                    canonical_document_id := target_result ->> 'document_id';
	                END IF;
	            END IF;
	            IF target_result ? 'output_refs'
	               AND (
	                   (SELECT count(*) FROM jsonb_object_keys(target_result -> 'output_refs')) > 32
	                   OR EXISTS (
	                       SELECT 1
	                       FROM jsonb_each_text(target_result -> 'output_refs') AS result_item(key, value)
	                       WHERE jsonb_typeof((target_result -> 'output_refs') -> result_item.key) <> 'string'
	                          OR length(result_item.key) = 0
	                          OR length(result_item.key) > 64
	                          OR result_item.key !~ '^[a-z][a-z0-9_.:-]{0,63}$'
	                          OR result_item.key ~* '(api[_-]?key|authorization|bearer|credential|password|pem|prompt|private|provider[_-]?(response|result)|raw[_-]?content|response|secret|token)'
	                          OR (
	                              result_item.key NOT IN (
	                                  'attempt_id', 'byte_size', 'bytes', 'checksum', 'chunk_id',
	                                  'collection_id', 'document_id', 'etag', 'filename', 'hash',
	                                  'index_version', 'job_id', 'lease_id', 'mime_type', 'model_id',
	                                  'object_key', 'operation', 'page', 'provider_id', 'schema_version',
	                                  'section', 'size', 'source_key', 'stage', 'state', 'status',
	                                  'tenant_id', 'trace_id', 'uri', 'url', 'version', 'vector_id',
	                                  'workspace_id'
	                              )
	                              AND result_item.key !~ '(_id|_key|_ref|_version|_hash|_checksum|_uri|_url)$'
	                          )
	                          OR length(result_item.value) = 0
	                          OR length(result_item.value) > 512
	                          OR result_item.value !~ '^[A-Za-z0-9][A-Za-z0-9_.:/@?=&%+~,\-]*$'
	                          OR result_item.value ~* '(^|[^a-z0-9])(sk|pk|rk|ghp|glpat|xox[baprs])_[a-z0-9_-]*($|[^a-z0-9])'
	                          OR result_item.value ~* '(bearer|basic)[[:space:]]+[a-z0-9._~+/=-]{8,}'
	                          OR result_item.value ~* '(api[_-]?key|authorization|password|secret|token|private[_[:space:]-]?key)[[:space:]]*[:=]'
	                          OR result_item.value ~* '(raw[-_.[:space:]]?(document[-_.[:space:]]?)?(content|body|text))'
	                          OR result_item.value ~* '((full[-_.[:space:]]?)?document[-_.[:space:]]?(content|body|text))'
	                          OR result_item.value ~* '(provider[-_.[:space:]]?(response|result))'
	                          OR result_item.value ~* '-----begin[-_[:space:]]*(private|secret)?[-_[:space:]]*key-----'
	                   )
	               ) THEN
	                RAISE EXCEPTION 'legacy job % result references violate the bounded metadata contract', job_row.job_id;
	            END IF;
	        ELSIF job_row.status = 'cancelled' THEN
	            target_state := 'CANCELLED';
	            target_status := 'cancelled';
	        ELSIF job_row.status = 'dead' THEN
	            target_state := 'DEAD_LETTER';
	            target_status := 'dead';
	            observed_attempts := GREATEST(1, observed_attempts);
	            retryable_failure := FALSE;
	        ELSIF job_row.status IN ('leased', 'processing')
	              AND job_row.lease_owner IS NOT NULL
	              AND job_row.lease_until IS NOT NULL
	              AND job_row.lease_until > COALESCE(job_row.lease_acquired_at, job_row.created_at)
	              AND job_row.lease_until > clock_timestamp() THEN
	            target_state := 'RUNNING';
	            target_status := 'processing';
	            observed_attempts := GREATEST(1, observed_attempts);
	            lease_worker := COALESCE(
	                job_row.lease_worker_id,
	                split_part(job_row.lease_owner, ':', 1),
	                'legacy-migration'
	            );
	            lease_acquired := COALESCE(
	                job_row.lease_acquired_at,
	                job_row.created_at
	            );
	            lease_expires := job_row.lease_until;
	        ELSIF job_row.status IN ('failed', 'dead')
	              AND observed_attempts >= effective_max_attempts THEN
	            target_state := 'DEAD_LETTER';
	            target_status := 'dead';
	            observed_attempts := GREATEST(1, observed_attempts);
	            retryable_failure := FALSE;
	        ELSIF job_row.status IN ('queued', 'leased', 'processing')
	              AND observed_attempts >= effective_max_attempts
	              AND observed_attempts > 0 THEN
	            target_state := 'DEAD_LETTER';
	            target_status := 'dead';
	            retryable_failure := FALSE;
	        ELSIF job_row.status IN ('failed', 'leased', 'processing') THEN
	            -- Expired or failed legacy work is made claimable after a
	            -- synthetic finished attempt. The canonical queue will apply its
	            -- normal retry policy from this point onward.
	            target_state := 'QUEUED';
	            target_status := 'queued';
	            observed_attempts := GREATEST(1, observed_attempts);
	        END IF;
	
	        IF target_state = 'RUNNING' THEN
	            -- The active attempt is materialized below with a NULL finish.
	            NULL;
	        END IF;
	
	        FOR attempt_no IN 1..observed_attempts LOOP
	            attempt_started := job_row.created_at
	                + ((job_row.updated_at - job_row.created_at)
	                   * ((attempt_no - 1)::DOUBLE PRECISION / observed_attempts));
	            IF target_state = 'RUNNING' AND attempt_no = observed_attempts THEN
	                attempt_state := 'RUNNING';
	                attempt_finished := NULL;
	                attempt_failure := NULL;
	            ELSIF target_state = 'SUCCEEDED' AND attempt_no = observed_attempts THEN
	                attempt_state := 'SUCCEEDED';
	                attempt_finished := GREATEST(attempt_started, job_row.updated_at);
	                attempt_failure := NULL;
	            ELSIF target_state = 'CANCELLED' AND attempt_no = observed_attempts THEN
	                attempt_state := 'CANCELLED';
	                attempt_finished := GREATEST(attempt_started, job_row.updated_at);
	                attempt_failure := NULL;
	            ELSE
	                attempt_state := 'FAILED';
	                attempt_finished := GREATEST(
	                    attempt_started,
	                    job_row.created_at
	                        + ((job_row.updated_at - job_row.created_at)
	                           * (attempt_no::DOUBLE PRECISION / observed_attempts))
	                );
	                attempt_failure := jsonb_build_object(
	                    'code', CASE
	                        WHEN job_row.last_error_code IN (
	                            'provider_timeout', 'provider_unavailable',
	                            'storage_unavailable', 'lock_unavailable',
	                            'validation_error', 'ingestion_failed',
	                            'cancelled', 'recovery_required'
	                        ) THEN job_row.last_error_code
	                        ELSE 'legacy_failure'
	                    END,
	                    'message', CASE
	                        WHEN target_state = 'DEAD_LETTER'
	                            THEN 'legacy job exhausted its bounded retry history'
	                        WHEN attempt_no = observed_attempts AND retryable_failure
	                            THEN 'legacy job requires a bounded retry'
	                        ELSE 'legacy failure reconstructed during canonical migration'
	                    END,
	                    'retryable', retryable_failure,
	                    'attempt', attempt_no,
	                    'occurred_at', EXTRACT(EPOCH FROM attempt_finished)
	                );
	            END IF;
	
	            INSERT INTO rick_ingestion_job_attempts
	                (job_id, attempt_no, worker_id, state, started_at,
	                 finished_at, failure)
	            VALUES (
	                job_row.job_id,
	                attempt_no,
	                COALESCE(lease_worker, 'legacy-migration'),
	                attempt_state,
	                attempt_started,
	                attempt_finished,
	                attempt_failure
	            );
	        END LOOP;
	
	        IF target_state IN ('DEAD_LETTER', 'QUEUED') THEN
	            target_failure := CASE
	                WHEN target_state = 'DEAD_LETTER' THEN jsonb_build_object(
	                    'code', CASE
	                        WHEN job_row.last_error_code IN (
	                            'provider_timeout', 'provider_unavailable',
	                            'storage_unavailable', 'lock_unavailable',
	                            'validation_error', 'ingestion_failed',
	                            'cancelled', 'recovery_required'
	                        ) THEN job_row.last_error_code
	                        ELSE 'legacy_failure'
	                    END,
	                    'message', 'legacy job exhausted its bounded retry history',
	                    'retryable', FALSE,
	                    'attempt', observed_attempts,
	                    'occurred_at', EXTRACT(EPOCH FROM job_row.updated_at)
	                )
	                ELSE NULL
	            END;
	        END IF;
	
	        UPDATE rick_ingestion_jobs
	        SET contract_state = target_state,
	            contract_version = 'jobs-contract-v1',
	            document_id = canonical_document_id,
	            payload = target_payload,
	            max_attempts = effective_max_attempts,
	            attempts = observed_attempts,
	            status = target_status,
	            result = target_result,
	            failure = target_failure,
	            lease_worker_id = lease_worker,
	            lease_acquired_at = lease_acquired,
	            lease_until = lease_expires,
	            lease_owner = CASE WHEN target_state = 'RUNNING' THEN job_row.lease_owner ELSE NULL END,
	            updated_at = GREATEST(job_row.updated_at, job_row.created_at)
	        WHERE job_id = job_row.job_id;
	
	        -- Preserve the same durable projection contract used by canonical
	        -- mutations. The migration itself is observable and replay-safe: one
	        -- stable event id fans out to lifecycle, outbox, and audit records.
	        rewrite_event_id := format('job:%s:legacy-rewritten', job_row.job_id);
	        rewrite_metadata := jsonb_build_object(
	            'contract_version', 'jobs-contract-v1',
	            'migration', '0005_rewrite_legacy_jobs',
	            'legacy_status', job_row.status,
	            'state', target_state,
	            'attempt_count', observed_attempts,
	            'max_attempts', effective_max_attempts
	        );
	        INSERT INTO rick_ingestion_job_events
	            (event_id, job_id, tenant_id, workspace_id, collection_id,
	             event_type, from_state, to_state, version, metadata)
	        VALUES (
	            rewrite_event_id,
	            job_row.job_id,
	            job_row.tenant_id,
	            job_row.workspace_id,
	            job_row.collection_id,
	            'legacy_rewritten',
	            NULL,
	            target_state,
	            job_row.version,
	            rewrite_metadata
	        )
	        ON CONFLICT (event_id) DO NOTHING;
	        INSERT INTO rick_outbox
	            (event_id, tenant_id, aggregate_type, aggregate_id, event_type, payload)
	        VALUES (
	            rewrite_event_id,
	            job_row.tenant_id,
	            'job',
	            job_row.job_id,
	            'jobs.legacy_rewritten',
	            rewrite_metadata
	        )
	        ON CONFLICT (event_id) DO NOTHING;
	        INSERT INTO rick_audit_events
	            (event_id, tenant_id, actor_user_id, action, target_type,
	             target_id, workspace_id, metadata)
	        VALUES (
	            rewrite_event_id,
	            job_row.tenant_id,
	            NULL,
	            'jobs.legacy_rewritten',
	            'job',
	            job_row.job_id,
	            job_row.workspace_id,
	            rewrite_metadata
	        )
	        ON CONFLICT (event_id) DO NOTHING;
	    END LOOP;
	END $$;
	
	-- Every row is canonical after this point. A follow-up deployment must not
	-- reintroduce the legacy writer; the compatibility facade is read-only until
	-- all callers have moved to rick_jobs.
	DO $$
	BEGIN
	    IF EXISTS (SELECT 1 FROM rick_ingestion_jobs WHERE contract_state IS NULL) THEN
	        RAISE EXCEPTION 'Phase 2.3 legacy job rewrite left NULL contract rows';
	    END IF;
	END $$;
	
	-- The old facade remains importable for rollback/read compatibility, but it
	-- must not recreate a second writable authority after this migration.
	CREATE OR REPLACE FUNCTION rick_require_canonical_job_write()
	RETURNS trigger
	LANGUAGE plpgsql
	AS $$
	BEGIN
	    IF NEW.contract_state IS NULL THEN
	        RAISE EXCEPTION
	            'legacy job writes are disabled after Phase 2.3 canonical rewrite';
	    END IF;
	    RETURN NEW;
	END;
	$$;
	
	DROP TRIGGER IF EXISTS rick_require_canonical_job_write_trg ON rick_ingestion_jobs;
	CREATE TRIGGER rick_require_canonical_job_write_trg
	BEFORE INSERT OR UPDATE ON rick_ingestion_jobs
	FOR EACH ROW EXECUTE FUNCTION rick_require_canonical_job_write();
	
2026-09-25 14:53:44.197 UTC [55] LOG:  checkpoint starting: immediate force wait
2026-09-25 14:53:44.198 UTC [55] LOG:  checkpoint complete: wrote 5 buffers (0.1%); 0 WAL file(s) added, 0 removed, 0 recycled; write=0.001 s, sync=0.001 s, total=0.001 s; sync files=4, longest=0.001 s, average=0.001 s; distance=4936 kB, estimate=4960 kB; lsn=0/BDBAA48, redo lsn=0/BDBAA10
2026-09-25 14:53:44.620 UTC [1910] ERROR:  legacy job z-boundary payload violates the bounded jobs contract
2026-09-25 14:53:44.620 UTC [1910] CONTEXT:  PL/pgSQL function inline_code_block line 172 at RAISE
2026-09-25 14:53:44.620 UTC [1910] STATEMENT:  -- Phase 2.3: move the last legacy job rows into the canonical contract.
	--
	-- Migration 0004 deliberately left pre-existing rows in a NULL
	-- contract_state lane. This migration is the one-time, replayable caller
	-- switch: it creates a bounded attempt history before exposing each row to
	-- canonical claims. It fails closed for unknown states, impossible attempt
	-- counts, or an already populated canonical attempt table.
	
	DO $$
	DECLARE
	    job_row RECORD;
	    observed_attempts INTEGER;
	    effective_max_attempts INTEGER;
	    attempt_no INTEGER;
	    attempt_started TIMESTAMPTZ;
	    attempt_finished TIMESTAMPTZ;
	    attempt_state TEXT;
	    attempt_failure JSONB;
	    target_state TEXT;
	    target_status TEXT;
	    target_payload JSONB;
	    target_result JSONB;
	    target_failure JSONB;
	    lease_worker TEXT;
	    lease_acquired TIMESTAMPTZ;
	    lease_expires TIMESTAMPTZ;
	    retryable_failure BOOLEAN;
	    canonical_document_id TEXT;
	    rewrite_event_id TEXT;
	    rewrite_metadata JSONB;
	BEGIN
	    -- Legacy writers take the same transaction advisory lock before their
	    -- enqueue. This closes the scan-to-trigger window during the caller switch.
	    PERFORM pg_advisory_xact_lock(hashtext('rick-intelligence:jobs-canonical-rewrite'));
	
	    IF EXISTS (
	        SELECT 1
	        FROM rick_ingestion_jobs j
	        JOIN rick_ingestion_job_attempts a ON a.job_id = j.job_id
	        WHERE j.contract_state IS NULL
	    ) THEN
	        RAISE EXCEPTION
	            'legacy jobs already have attempt rows; reconcile before Phase 2.3 rewrite';
	    END IF;
	
	    IF EXISTS (
	        SELECT 1
	        FROM rick_ingestion_jobs
	        WHERE contract_state IS NULL
	          AND status NOT IN ('queued', 'leased', 'processing', 'published',
	                             'acked', 'failed', 'dead', 'cancelled')
	    ) THEN
	        RAISE EXCEPTION 'legacy jobs contain an unknown status';
	    END IF;
	
	    IF EXISTS (
	        SELECT 1
	        FROM rick_ingestion_jobs
	        WHERE contract_state IS NULL
	          AND (attempts < 0 OR attempts > 64)
	    ) THEN
	        RAISE EXCEPTION 'legacy jobs contain an attempt count outside 0..64';
	    END IF;
	
	    IF EXISTS (
	        SELECT 1
	        FROM rick_ingestion_jobs
	        WHERE contract_state IS NULL
	          AND (updated_at < created_at OR available_at < created_at)
	    ) THEN
	        RAISE EXCEPTION 'legacy jobs contain timestamps outside the canonical lifetime';
	    END IF;
	
	    IF EXISTS (
	        SELECT 1
	        FROM rick_ingestion_jobs
	        WHERE contract_state IS NULL
	          AND (
	              job_id !~ '^[A-Za-z0-9][A-Za-z0-9_.:-]{0,127}$'
	              OR tenant_id !~ '^[A-Za-z0-9][A-Za-z0-9_.:-]{0,127}$'
	              OR workspace_id !~ '^[A-Za-z0-9][A-Za-z0-9_.:-]{0,127}$'
	              OR collection_id !~ '^[A-Za-z0-9][A-Za-z0-9_.:-]{0,127}$'
	              OR idempotency_key !~ '^[A-Za-z0-9][A-Za-z0-9_.:-]{0,127}$'
	          )
	    ) THEN
	        RAISE EXCEPTION 'legacy jobs contain an identifier or scope outside the canonical contract';
	    END IF;
	
	    IF EXISTS (
	        SELECT 1
	        FROM rick_ingestion_jobs
	        WHERE contract_state IS NULL
	          AND (
	              operation IS NULL
	              OR length(operation) = 0
	              OR length(operation) > 64
	              OR operation ~ '[[:cntrl:]]'
	              OR operation !~ '^[A-Za-z0-9][A-Za-z0-9_.:-]{0,63}$'
	          )
	    ) THEN
	        RAISE EXCEPTION 'legacy jobs contain an operation outside the canonical contract';
	    END IF;
	
	    FOR job_row IN
	        SELECT *
	        FROM rick_ingestion_jobs
	        WHERE contract_state IS NULL
	        ORDER BY created_at, job_id
	        FOR UPDATE
	    LOOP
	        effective_max_attempts := GREATEST(1, COALESCE(job_row.max_attempts, 3));
	        observed_attempts := GREATEST(0, COALESCE(job_row.attempts, 0));
	        IF observed_attempts > effective_max_attempts THEN
	            effective_max_attempts := observed_attempts;
	        END IF;
	
	        target_state := 'QUEUED';
	        target_status := 'queued';
	        target_payload := COALESCE(job_row.payload, '{}'::jsonb);
	        target_result := NULL;
	        target_failure := NULL;
	        canonical_document_id := NULLIF(job_row.document_id, '');
	        lease_worker := NULL;
	        lease_acquired := NULL;
	        lease_expires := NULL;
	        retryable_failure := TRUE;
	
	        IF jsonb_typeof(target_payload) <> 'object' THEN
	            RAISE EXCEPTION 'legacy job % payload is not a JSON object', job_row.job_id;
	        END IF;
	        IF target_payload ? 'display_filename' THEN
	            IF target_payload ? 'filename_ref' THEN
	                RAISE EXCEPTION 'legacy job % has conflicting filename references', job_row.job_id;
	            END IF;
	            IF jsonb_typeof(target_payload -> 'display_filename') <> 'string' THEN
	                RAISE EXCEPTION 'legacy job % display filename is not text', job_row.job_id;
	            END IF;
	            target_payload := (target_payload - 'display_filename') || jsonb_build_object(
	                'filename_ref', replace(
	                    replace(encode(convert_to(target_payload ->> 'display_filename', 'UTF8'), 'base64'), E'\n', ''),
	                    E'\r', ''
	                )
	            );
	        END IF;
	        IF target_payload ->> 'document_id' = '' THEN
	            target_payload := target_payload - 'document_id';
	        END IF;
	        IF (SELECT count(*) FROM jsonb_object_keys(target_payload)) > 32
	           OR EXISTS (
	               SELECT 1
	               FROM jsonb_each_text(target_payload) AS payload_item(key, value)
	               WHERE jsonb_typeof(target_payload -> payload_item.key) <> 'string'
	                  OR length(payload_item.key) = 0
	                  OR length(payload_item.key) > 64
	                  OR payload_item.key !~ '^[a-z][a-z0-9_.:-]{0,63}$'
	                  OR payload_item.key ~* '(api[_-]?key|authorization|bearer|credential|password|pem|prompt|private|provider[_-]?(response|result)|raw[_-]?content|response|secret|token)'
	                  OR (
	                      payload_item.key NOT IN (
	                          'attempt_id', 'byte_size', 'bytes', 'checksum', 'chunk_id',
	                          'collection_id', 'document_id', 'etag', 'filename', 'hash',
	                          'index_version', 'job_id', 'lease_id', 'mime_type', 'model_id',
	                          'object_key', 'operation', 'page', 'provider_id', 'schema_version',
	                          'section', 'size', 'source_key', 'stage', 'state', 'status',
	                          'tenant_id', 'trace_id', 'uri', 'url', 'version', 'vector_id',
	                          'workspace_id'
	                      )
	                      AND payload_item.key !~ '(_id|_key|_ref|_version|_hash|_checksum|_uri|_url)$'
	                  )
	                  OR length(payload_item.value) = 0
	                  OR length(payload_item.value) > 512
	                  OR payload_item.value !~ '^[A-Za-z0-9][A-Za-z0-9_.:/@?=&%+~,\-]*$'
	                  OR payload_item.value ~* '(^|[^a-z0-9])(sk|pk|rk|ghp|glpat|xox[baprs])_[a-z0-9_-]*($|[^a-z0-9])'
	                  OR payload_item.value ~* '(bearer|basic)[[:space:]]+[a-z0-9._~+/=-]{8,}'
	                  OR payload_item.value ~* '(api[_-]?key|authorization|password|secret|token|private[_[:space:]-]?key)[[:space:]]*[:=]'
	                  OR payload_item.value ~* '(raw[-_.[:space:]]?(document[-_.[:space:]]?)?(content|body|text))'
	                  OR payload_item.value ~* '((full[-_.[:space:]]?)?document[-_.[:space:]]?(content|body|text))'
	                  OR payload_item.value ~* '(provider[-_.[:space:]]?(response|result))'
	                  OR payload_item.value ~* '-----begin[-_[:space:]]*(private|secret)?[-_[:space:]]*key-----'
	           ) THEN
	            RAISE EXCEPTION 'legacy job % payload violates the bounded jobs contract', job_row.job_id;
	        END IF;
	
	        IF job_row.status IN ('published', 'acked') THEN
	            target_state := 'SUCCEEDED';
	            target_status := 'published';
	            observed_attempts := GREATEST(1, observed_attempts);
	            target_result := COALESCE(
	                job_row.result,
	                jsonb_build_object(
	                    'output_refs', '{}'::jsonb,
	                    'document_id', NULLIF(job_row.document_id, ''),
	                    'completed_at', EXTRACT(EPOCH FROM job_row.updated_at)
	                )
	            );
	            IF jsonb_typeof(target_result) <> 'object'
	               OR (target_result ? 'output_refs'
	                   AND jsonb_typeof(target_result -> 'output_refs') <> 'object')
	               OR NOT (target_result ? 'completed_at')
	               OR jsonb_typeof(target_result -> 'completed_at') <> 'number'
	               OR (target_result ->> 'completed_at')::DOUBLE PRECISION
	                    < EXTRACT(EPOCH FROM job_row.created_at)
	               OR (target_result ->> 'completed_at')::DOUBLE PRECISION
	                    > EXTRACT(EPOCH FROM job_row.updated_at) THEN
	                RAISE EXCEPTION 'legacy job % result violates the completed result contract', job_row.job_id;
	            END IF;
	            IF target_result ? 'document_id' THEN
	                IF jsonb_typeof(target_result -> 'document_id') NOT IN ('string', 'null')
	                   OR (jsonb_typeof(target_result -> 'document_id') = 'string'
	                       AND target_result ->> 'document_id' <> ''
	                       AND target_result ->> 'document_id'
	                           !~ '^[A-Za-z0-9][A-Za-z0-9_.:-]{0,127}$') THEN
	                    RAISE EXCEPTION 'legacy job % result document reference is invalid', job_row.job_id;
	                END IF;
	                IF jsonb_typeof(target_result -> 'document_id') = 'null'
	                   OR target_result ->> 'document_id' = '' THEN
	                    target_result := target_result - 'document_id';
	                ELSE
	                    IF canonical_document_id IS NOT NULL
	                       AND canonical_document_id <> (target_result ->> 'document_id') THEN
	                        RAISE EXCEPTION 'legacy job % result document reference conflicts with the job document', job_row.job_id;
	                    END IF;
	                    canonical_document_id := target_result ->> 'document_id';
	                END IF;
	            END IF;
	            IF target_result ? 'output_refs'
	               AND (
	                   (SELECT count(*) FROM jsonb_object_keys(target_result -> 'output_refs')) > 32
	                   OR EXISTS (
	                       SELECT 1
	                       FROM jsonb_each_text(target_result -> 'output_refs') AS result_item(key, value)
	                       WHERE jsonb_typeof((target_result -> 'output_refs') -> result_item.key) <> 'string'
	                          OR length(result_item.key) = 0
	                          OR length(result_item.key) > 64
	                          OR result_item.key !~ '^[a-z][a-z0-9_.:-]{0,63}$'
	                          OR result_item.key ~* '(api[_-]?key|authorization|bearer|credential|password|pem|prompt|private|provider[_-]?(response|result)|raw[_-]?content|response|secret|token)'
	                          OR (
	                              result_item.key NOT IN (
	                                  'attempt_id', 'byte_size', 'bytes', 'checksum', 'chunk_id',
	                                  'collection_id', 'document_id', 'etag', 'filename', 'hash',
	                                  'index_version', 'job_id', 'lease_id', 'mime_type', 'model_id',
	                                  'object_key', 'operation', 'page', 'provider_id', 'schema_version',
	                                  'section', 'size', 'source_key', 'stage', 'state', 'status',
	                                  'tenant_id', 'trace_id', 'uri', 'url', 'version', 'vector_id',
	                                  'workspace_id'
	                              )
	                              AND result_item.key !~ '(_id|_key|_ref|_version|_hash|_checksum|_uri|_url)$'
	                          )
	                          OR length(result_item.value) = 0
	                          OR length(result_item.value) > 512
	                          OR result_item.value !~ '^[A-Za-z0-9][A-Za-z0-9_.:/@?=&%+~,\-]*$'
	                          OR result_item.value ~* '(^|[^a-z0-9])(sk|pk|rk|ghp|glpat|xox[baprs])_[a-z0-9_-]*($|[^a-z0-9])'
	                          OR result_item.value ~* '(bearer|basic)[[:space:]]+[a-z0-9._~+/=-]{8,}'
	                          OR result_item.value ~* '(api[_-]?key|authorization|password|secret|token|private[_[:space:]-]?key)[[:space:]]*[:=]'
	                          OR result_item.value ~* '(raw[-_.[:space:]]?(document[-_.[:space:]]?)?(content|body|text))'
	                          OR result_item.value ~* '((full[-_.[:space:]]?)?document[-_.[:space:]]?(content|body|text))'
	                          OR result_item.value ~* '(provider[-_.[:space:]]?(response|result))'
	                          OR result_item.value ~* '-----begin[-_[:space:]]*(private|secret)?[-_[:space:]]*key-----'
	                   )
	               ) THEN
	                RAISE EXCEPTION 'legacy job % result references violate the bounded metadata contract', job_row.job_id;
	            END IF;
	        ELSIF job_row.status = 'cancelled' THEN
	            target_state := 'CANCELLED';
	            target_status := 'cancelled';
	        ELSIF job_row.status = 'dead' THEN
	            target_state := 'DEAD_LETTER';
	            target_status := 'dead';
	            observed_attempts := GREATEST(1, observed_attempts);
	            retryable_failure := FALSE;
	        ELSIF job_row.status IN ('leased', 'processing')
	              AND job_row.lease_owner IS NOT NULL
	              AND job_row.lease_until IS NOT NULL
	              AND job_row.lease_until > COALESCE(job_row.lease_acquired_at, job_row.created_at)
	              AND job_row.lease_until > clock_timestamp() THEN
	            target_state := 'RUNNING';
	            target_status := 'processing';
	            observed_attempts := GREATEST(1, observed_attempts);
	            lease_worker := COALESCE(
	                job_row.lease_worker_id,
	                split_part(job_row.lease_owner, ':', 1),
	                'legacy-migration'
	            );
	            lease_acquired := COALESCE(
	                job_row.lease_acquired_at,
	                job_row.created_at
	            );
	            lease_expires := job_row.lease_until;
	        ELSIF job_row.status IN ('failed', 'dead')
	              AND observed_attempts >= effective_max_attempts THEN
	            target_state := 'DEAD_LETTER';
	            target_status := 'dead';
	            observed_attempts := GREATEST(1, observed_attempts);
	            retryable_failure := FALSE;
	        ELSIF job_row.status IN ('queued', 'leased', 'processing')
	              AND observed_attempts >= effective_max_attempts
	              AND observed_attempts > 0 THEN
	            target_state := 'DEAD_LETTER';
	            target_status := 'dead';
	            retryable_failure := FALSE;
	        ELSIF job_row.status IN ('failed', 'leased', 'processing') THEN
	            -- Expired or failed legacy work is made claimable after a
	            -- synthetic finished attempt. The canonical queue will apply its
	            -- normal retry policy from this point onward.
	            target_state := 'QUEUED';
	            target_status := 'queued';
	            observed_attempts := GREATEST(1, observed_attempts);
	        END IF;
	
	        IF target_state = 'RUNNING' THEN
	            -- The active attempt is materialized below with a NULL finish.
	            NULL;
	        END IF;
	
	        FOR attempt_no IN 1..observed_attempts LOOP
	            attempt_started := job_row.created_at
	                + ((job_row.updated_at - job_row.created_at)
	                   * ((attempt_no - 1)::DOUBLE PRECISION / observed_attempts));
	            IF target_state = 'RUNNING' AND attempt_no = observed_attempts THEN
	                attempt_state := 'RUNNING';
	                attempt_finished := NULL;
	                attempt_failure := NULL;
	            ELSIF target_state = 'SUCCEEDED' AND attempt_no = observed_attempts THEN
	                attempt_state := 'SUCCEEDED';
	                attempt_finished := GREATEST(attempt_started, job_row.updated_at);
	                attempt_failure := NULL;
	            ELSIF target_state = 'CANCELLED' AND attempt_no = observed_attempts THEN
	                attempt_state := 'CANCELLED';
	                attempt_finished := GREATEST(attempt_started, job_row.updated_at);
	                attempt_failure := NULL;
	            ELSE
	                attempt_state := 'FAILED';
	                attempt_finished := GREATEST(
	                    attempt_started,
	                    job_row.created_at
	                        + ((job_row.updated_at - job_row.created_at)
	                           * (attempt_no::DOUBLE PRECISION / observed_attempts))
	                );
	                attempt_failure := jsonb_build_object(
	                    'code', CASE
	                        WHEN job_row.last_error_code IN (
	                            'provider_timeout', 'provider_unavailable',
	                            'storage_unavailable', 'lock_unavailable',
	                            'validation_error', 'ingestion_failed',
	                            'cancelled', 'recovery_required'
	                        ) THEN job_row.last_error_code
	                        ELSE 'legacy_failure'
	                    END,
	                    'message', CASE
	                        WHEN target_state = 'DEAD_LETTER'
	                            THEN 'legacy job exhausted its bounded retry history'
	                        WHEN attempt_no = observed_attempts AND retryable_failure
	                            THEN 'legacy job requires a bounded retry'
	                        ELSE 'legacy failure reconstructed during canonical migration'
	                    END,
	                    'retryable', retryable_failure,
	                    'attempt', attempt_no,
	                    'occurred_at', EXTRACT(EPOCH FROM attempt_finished)
	                );
	            END IF;
	
	            INSERT INTO rick_ingestion_job_attempts
	                (job_id, attempt_no, worker_id, state, started_at,
	                 finished_at, failure)
	            VALUES (
	                job_row.job_id,
	                attempt_no,
	                COALESCE(lease_worker, 'legacy-migration'),
	                attempt_state,
	                attempt_started,
	                attempt_finished,
	                attempt_failure
	            );
	        END LOOP;
	
	        IF target_state IN ('DEAD_LETTER', 'QUEUED') THEN
	            target_failure := CASE
	                WHEN target_state = 'DEAD_LETTER' THEN jsonb_build_object(
	                    'code', CASE
	                        WHEN job_row.last_error_code IN (
	                            'provider_timeout', 'provider_unavailable',
	                            'storage_unavailable', 'lock_unavailable',
	                            'validation_error', 'ingestion_failed',
	                            'cancelled', 'recovery_required'
	                        ) THEN job_row.last_error_code
	                        ELSE 'legacy_failure'
	                    END,
	                    'message', 'legacy job exhausted its bounded retry history',
	                    'retryable', FALSE,
	                    'attempt', observed_attempts,
	                    'occurred_at', EXTRACT(EPOCH FROM job_row.updated_at)
	                )
	                ELSE NULL
	            END;
	        END IF;
	
	        UPDATE rick_ingestion_jobs
	        SET contract_state = target_state,
	            contract_version = 'jobs-contract-v1',
	            document_id = canonical_document_id,
	            payload = target_payload,
	            max_attempts = effective_max_attempts,
	            attempts = observed_attempts,
	            status = target_status,
	            result = target_result,
	            failure = target_failure,
	            lease_worker_id = lease_worker,
	            lease_acquired_at = lease_acquired,
	            lease_until = lease_expires,
	            lease_owner = CASE WHEN target_state = 'RUNNING' THEN job_row.lease_owner ELSE NULL END,
	            updated_at = GREATEST(job_row.updated_at, job_row.created_at)
	        WHERE job_id = job_row.job_id;
	
	        -- Preserve the same durable projection contract used by canonical
	        -- mutations. The migration itself is observable and replay-safe: one
	        -- stable event id fans out to lifecycle, outbox, and audit records.
	        rewrite_event_id := format('job:%s:legacy-rewritten', job_row.job_id);
	        rewrite_metadata := jsonb_build_object(
	            'contract_version', 'jobs-contract-v1',
	            'migration', '0005_rewrite_legacy_jobs',
	            'legacy_status', job_row.status,
	            'state', target_state,
	            'attempt_count', observed_attempts,
	            'max_attempts', effective_max_attempts
	        );
	        INSERT INTO rick_ingestion_job_events
	            (event_id, job_id, tenant_id, workspace_id, collection_id,
	             event_type, from_state, to_state, version, metadata)
	        VALUES (
	            rewrite_event_id,
	            job_row.job_id,
	            job_row.tenant_id,
	            job_row.workspace_id,
	            job_row.collection_id,
	            'legacy_rewritten',
	            NULL,
	            target_state,
	            job_row.version,
	            rewrite_metadata
	        )
	        ON CONFLICT (event_id) DO NOTHING;
	        INSERT INTO rick_outbox
	            (event_id, tenant_id, aggregate_type, aggregate_id, event_type, payload)
	        VALUES (
	            rewrite_event_id,
	            job_row.tenant_id,
	            'job',
	            job_row.job_id,
	            'jobs.legacy_rewritten',
	            rewrite_metadata
	        )
	        ON CONFLICT (event_id) DO NOTHING;
	        INSERT INTO rick_audit_events
	            (event_id, tenant_id, actor_user_id, action, target_type,
	             target_id, workspace_id, metadata)
	        VALUES (
	            rewrite_event_id,
	            job_row.tenant_id,
	            NULL,
	            'jobs.legacy_rewritten',
	            'job',
	            job_row.job_id,
	            job_row.workspace_id,
	            rewrite_metadata
	        )
	        ON CONFLICT (event_id) DO NOTHING;
	    END LOOP;
	END $$;
	
	-- Every row is canonical after this point. A follow-up deployment must not
	-- reintroduce the legacy writer; the compatibility facade is read-only until
	-- all callers have moved to rick_jobs.
	DO $$
	BEGIN
	    IF EXISTS (SELECT 1 FROM rick_ingestion_jobs WHERE contract_state IS NULL) THEN
	        RAISE EXCEPTION 'Phase 2.3 legacy job rewrite left NULL contract rows';
	    END IF;
	END $$;
	
	-- The old facade remains importable for rollback/read compatibility, but it
	-- must not recreate a second writable authority after this migration.
	CREATE OR REPLACE FUNCTION rick_require_canonical_job_write()
	RETURNS trigger
	LANGUAGE plpgsql
	AS $$
	BEGIN
	    IF NEW.contract_state IS NULL THEN
	        RAISE EXCEPTION
	            'legacy job writes are disabled after Phase 2.3 canonical rewrite';
	    END IF;
	    RETURN NEW;
	END;
	$$;
	
	DROP TRIGGER IF EXISTS rick_require_canonical_job_write_trg ON rick_ingestion_jobs;
	CREATE TRIGGER rick_require_canonical_job_write_trg
	BEFORE INSERT OR UPDATE ON rick_ingestion_jobs
	FOR EACH ROW EXECUTE FUNCTION rick_require_canonical_job_write();
	
2026-09-25 14:53:44.837 UTC [55] LOG:  checkpoint starting: immediate force wait
2026-09-25 14:53:44.838 UTC [55] LOG:  checkpoint complete: wrote 5 buffers (0.1%); 0 WAL file(s) added, 0 removed, 1 recycled; write=0.001 s, sync=0.001 s, total=0.001 s; sync files=4, longest=0.001 s, average=0.001 s; distance=4936 kB, estimate=4958 kB; lsn=0/C28CC38, redo lsn=0/C28CC00
2026-09-25 14:53:45.283 UTC [1959] ERROR:  legacy job z-boundary has conflicting filename references
2026-09-25 14:53:45.283 UTC [1959] CONTEXT:  PL/pgSQL function inline_code_block line 125 at RAISE
2026-09-25 14:53:45.283 UTC [1959] STATEMENT:  -- Phase 2.3: move the last legacy job rows into the canonical contract.
	--
	-- Migration 0004 deliberately left pre-existing rows in a NULL
	-- contract_state lane. This migration is the one-time, replayable caller
	-- switch: it creates a bounded attempt history before exposing each row to
	-- canonical claims. It fails closed for unknown states, impossible attempt
	-- counts, or an already populated canonical attempt table.
	
	DO $$
	DECLARE
	    job_row RECORD;
	    observed_attempts INTEGER;
	    effective_max_attempts INTEGER;
	    attempt_no INTEGER;
	    attempt_started TIMESTAMPTZ;
	    attempt_finished TIMESTAMPTZ;
	    attempt_state TEXT;
	    attempt_failure JSONB;
	    target_state TEXT;
	    target_status TEXT;
	    target_payload JSONB;
	    target_result JSONB;
	    target_failure JSONB;
	    lease_worker TEXT;
	    lease_acquired TIMESTAMPTZ;
	    lease_expires TIMESTAMPTZ;
	    retryable_failure BOOLEAN;
	    canonical_document_id TEXT;
	    rewrite_event_id TEXT;
	    rewrite_metadata JSONB;
	BEGIN
	    -- Legacy writers take the same transaction advisory lock before their
	    -- enqueue. This closes the scan-to-trigger window during the caller switch.
	    PERFORM pg_advisory_xact_lock(hashtext('rick-intelligence:jobs-canonical-rewrite'));
	
	    IF EXISTS (
	        SELECT 1
	        FROM rick_ingestion_jobs j
	        JOIN rick_ingestion_job_attempts a ON a.job_id = j.job_id
	        WHERE j.contract_state IS NULL
	    ) THEN
	        RAISE EXCEPTION
	            'legacy jobs already have attempt rows; reconcile before Phase 2.3 rewrite';
	    END IF;
	
	    IF EXISTS (
	        SELECT 1
	        FROM rick_ingestion_jobs
	        WHERE contract_state IS NULL
	          AND status NOT IN ('queued', 'leased', 'processing', 'published',
	                             'acked', 'failed', 'dead', 'cancelled')
	    ) THEN
	        RAISE EXCEPTION 'legacy jobs contain an unknown status';
	    END IF;
	
	    IF EXISTS (
	        SELECT 1
	        FROM rick_ingestion_jobs
	        WHERE contract_state IS NULL
	          AND (attempts < 0 OR attempts > 64)
	    ) THEN
	        RAISE EXCEPTION 'legacy jobs contain an attempt count outside 0..64';
	    END IF;
	
	    IF EXISTS (
	        SELECT 1
	        FROM rick_ingestion_jobs
	        WHERE contract_state IS NULL
	          AND (updated_at < created_at OR available_at < created_at)
	    ) THEN
	        RAISE EXCEPTION 'legacy jobs contain timestamps outside the canonical lifetime';
	    END IF;
	
	    IF EXISTS (
	        SELECT 1
	        FROM rick_ingestion_jobs
	        WHERE contract_state IS NULL
	          AND (
	              job_id !~ '^[A-Za-z0-9][A-Za-z0-9_.:-]{0,127}$'
	              OR tenant_id !~ '^[A-Za-z0-9][A-Za-z0-9_.:-]{0,127}$'
	              OR workspace_id !~ '^[A-Za-z0-9][A-Za-z0-9_.:-]{0,127}$'
	              OR collection_id !~ '^[A-Za-z0-9][A-Za-z0-9_.:-]{0,127}$'
	              OR idempotency_key !~ '^[A-Za-z0-9][A-Za-z0-9_.:-]{0,127}$'
	          )
	    ) THEN
	        RAISE EXCEPTION 'legacy jobs contain an identifier or scope outside the canonical contract';
	    END IF;
	
	    IF EXISTS (
	        SELECT 1
	        FROM rick_ingestion_jobs
	        WHERE contract_state IS NULL
	          AND (
	              operation IS NULL
	              OR length(operation) = 0
	              OR length(operation) > 64
	              OR operation ~ '[[:cntrl:]]'
	              OR operation !~ '^[A-Za-z0-9][A-Za-z0-9_.:-]{0,63}$'
	          )
	    ) THEN
	        RAISE EXCEPTION 'legacy jobs contain an operation outside the canonical contract';
	    END IF;
	
	    FOR job_row IN
	        SELECT *
	        FROM rick_ingestion_jobs
	        WHERE contract_state IS NULL
	        ORDER BY created_at, job_id
	        FOR UPDATE
	    LOOP
	        effective_max_attempts := GREATEST(1, COALESCE(job_row.max_attempts, 3));
	        observed_attempts := GREATEST(0, COALESCE(job_row.attempts, 0));
	        IF observed_attempts > effective_max_attempts THEN
	            effective_max_attempts := observed_attempts;
	        END IF;
	
	        target_state := 'QUEUED';
	        target_status := 'queued';
	        target_payload := COALESCE(job_row.payload, '{}'::jsonb);
	        target_result := NULL;
	        target_failure := NULL;
	        canonical_document_id := NULLIF(job_row.document_id, '');
	        lease_worker := NULL;
	        lease_acquired := NULL;
	        lease_expires := NULL;
	        retryable_failure := TRUE;
	
	        IF jsonb_typeof(target_payload) <> 'object' THEN
	            RAISE EXCEPTION 'legacy job % payload is not a JSON object', job_row.job_id;
	        END IF;
	        IF target_payload ? 'display_filename' THEN
	            IF target_payload ? 'filename_ref' THEN
	                RAISE EXCEPTION 'legacy job % has conflicting filename references', job_row.job_id;
	            END IF;
	            IF jsonb_typeof(target_payload -> 'display_filename') <> 'string' THEN
	                RAISE EXCEPTION 'legacy job % display filename is not text', job_row.job_id;
	            END IF;
	            target_payload := (target_payload - 'display_filename') || jsonb_build_object(
	                'filename_ref', replace(
	                    replace(encode(convert_to(target_payload ->> 'display_filename', 'UTF8'), 'base64'), E'\n', ''),
	                    E'\r', ''
	                )
	            );
	        END IF;
	        IF target_payload ->> 'document_id' = '' THEN
	            target_payload := target_payload - 'document_id';
	        END IF;
	        IF (SELECT count(*) FROM jsonb_object_keys(target_payload)) > 32
	           OR EXISTS (
	               SELECT 1
	               FROM jsonb_each_text(target_payload) AS payload_item(key, value)
	               WHERE jsonb_typeof(target_payload -> payload_item.key) <> 'string'
	                  OR length(payload_item.key) = 0
	                  OR length(payload_item.key) > 64
	                  OR payload_item.key !~ '^[a-z][a-z0-9_.:-]{0,63}$'
	                  OR payload_item.key ~* '(api[_-]?key|authorization|bearer|credential|password|pem|prompt|private|provider[_-]?(response|result)|raw[_-]?content|response|secret|token)'
	                  OR (
	                      payload_item.key NOT IN (
	                          'attempt_id', 'byte_size', 'bytes', 'checksum', 'chunk_id',
	                          'collection_id', 'document_id', 'etag', 'filename', 'hash',
	                          'index_version', 'job_id', 'lease_id', 'mime_type', 'model_id',
	                          'object_key', 'operation', 'page', 'provider_id', 'schema_version',
	                          'section', 'size', 'source_key', 'stage', 'state', 'status',
	                          'tenant_id', 'trace_id', 'uri', 'url', 'version', 'vector_id',
	                          'workspace_id'
	                      )
	                      AND payload_item.key !~ '(_id|_key|_ref|_version|_hash|_checksum|_uri|_url)$'
	                  )
	                  OR length(payload_item.value) = 0
	                  OR length(payload_item.value) > 512
	                  OR payload_item.value !~ '^[A-Za-z0-9][A-Za-z0-9_.:/@?=&%+~,\-]*$'
	                  OR payload_item.value ~* '(^|[^a-z0-9])(sk|pk|rk|ghp|glpat|xox[baprs])_[a-z0-9_-]*($|[^a-z0-9])'
	                  OR payload_item.value ~* '(bearer|basic)[[:space:]]+[a-z0-9._~+/=-]{8,}'
	                  OR payload_item.value ~* '(api[_-]?key|authorization|password|secret|token|private[_[:space:]-]?key)[[:space:]]*[:=]'
	                  OR payload_item.value ~* '(raw[-_.[:space:]]?(document[-_.[:space:]]?)?(content|body|text))'
	                  OR payload_item.value ~* '((full[-_.[:space:]]?)?document[-_.[:space:]]?(content|body|text))'
	                  OR payload_item.value ~* '(provider[-_.[:space:]]?(response|result))'
	                  OR payload_item.value ~* '-----begin[-_[:space:]]*(private|secret)?[-_[:space:]]*key-----'
	           ) THEN
	            RAISE EXCEPTION 'legacy job % payload violates the bounded jobs contract', job_row.job_id;
	        END IF;
	
	        IF job_row.status IN ('published', 'acked') THEN
	            target_state := 'SUCCEEDED';
	            target_status := 'published';
	            observed_attempts := GREATEST(1, observed_attempts);
	            target_result := COALESCE(
	                job_row.result,
	                jsonb_build_object(
	                    'output_refs', '{}'::jsonb,
	                    'document_id', NULLIF(job_row.document_id, ''),
	                    'completed_at', EXTRACT(EPOCH FROM job_row.updated_at)
	                )
	            );
	            IF jsonb_typeof(target_result) <> 'object'
	               OR (target_result ? 'output_refs'
	                   AND jsonb_typeof(target_result -> 'output_refs') <> 'object')
	               OR NOT (target_result ? 'completed_at')
	               OR jsonb_typeof(target_result -> 'completed_at') <> 'number'
	               OR (target_result ->> 'completed_at')::DOUBLE PRECISION
	                    < EXTRACT(EPOCH FROM job_row.created_at)
	               OR (target_result ->> 'completed_at')::DOUBLE PRECISION
	                    > EXTRACT(EPOCH FROM job_row.updated_at) THEN
	                RAISE EXCEPTION 'legacy job % result violates the completed result contract', job_row.job_id;
	            END IF;
	            IF target_result ? 'document_id' THEN
	                IF jsonb_typeof(target_result -> 'document_id') NOT IN ('string', 'null')
	                   OR (jsonb_typeof(target_result -> 'document_id') = 'string'
	                       AND target_result ->> 'document_id' <> ''
	                       AND target_result ->> 'document_id'
	                           !~ '^[A-Za-z0-9][A-Za-z0-9_.:-]{0,127}$') THEN
	                    RAISE EXCEPTION 'legacy job % result document reference is invalid', job_row.job_id;
	                END IF;
	                IF jsonb_typeof(target_result -> 'document_id') = 'null'
	                   OR target_result ->> 'document_id' = '' THEN
	                    target_result := target_result - 'document_id';
	                ELSE
	                    IF canonical_document_id IS NOT NULL
	                       AND canonical_document_id <> (target_result ->> 'document_id') THEN
	                        RAISE EXCEPTION 'legacy job % result document reference conflicts with the job document', job_row.job_id;
	                    END IF;
	                    canonical_document_id := target_result ->> 'document_id';
	                END IF;
	            END IF;
	            IF target_result ? 'output_refs'
	               AND (
	                   (SELECT count(*) FROM jsonb_object_keys(target_result -> 'output_refs')) > 32
	                   OR EXISTS (
	                       SELECT 1
	                       FROM jsonb_each_text(target_result -> 'output_refs') AS result_item(key, value)
	                       WHERE jsonb_typeof((target_result -> 'output_refs') -> result_item.key) <> 'string'
	                          OR length(result_item.key) = 0
	                          OR length(result_item.key) > 64
	                          OR result_item.key !~ '^[a-z][a-z0-9_.:-]{0,63}$'
	                          OR result_item.key ~* '(api[_-]?key|authorization|bearer|credential|password|pem|prompt|private|provider[_-]?(response|result)|raw[_-]?content|response|secret|token)'
	                          OR (
	                              result_item.key NOT IN (
	                                  'attempt_id', 'byte_size', 'bytes', 'checksum', 'chunk_id',
	                                  'collection_id', 'document_id', 'etag', 'filename', 'hash',
	                                  'index_version', 'job_id', 'lease_id', 'mime_type', 'model_id',
	                                  'object_key', 'operation', 'page', 'provider_id', 'schema_version',
	                                  'section', 'size', 'source_key', 'stage', 'state', 'status',
	                                  'tenant_id', 'trace_id', 'uri', 'url', 'version', 'vector_id',
	                                  'workspace_id'
	                              )
	                              AND result_item.key !~ '(_id|_key|_ref|_version|_hash|_checksum|_uri|_url)$'
	                          )
	                          OR length(result_item.value) = 0
	                          OR length(result_item.value) > 512
	                          OR result_item.value !~ '^[A-Za-z0-9][A-Za-z0-9_.:/@?=&%+~,\-]*$'
	                          OR result_item.value ~* '(^|[^a-z0-9])(sk|pk|rk|ghp|glpat|xox[baprs])_[a-z0-9_-]*($|[^a-z0-9])'
	                          OR result_item.value ~* '(bearer|basic)[[:space:]]+[a-z0-9._~+/=-]{8,}'
	                          OR result_item.value ~* '(api[_-]?key|authorization|password|secret|token|private[_[:space:]-]?key)[[:space:]]*[:=]'
	                          OR result_item.value ~* '(raw[-_.[:space:]]?(document[-_.[:space:]]?)?(content|body|text))'
	                          OR result_item.value ~* '((full[-_.[:space:]]?)?document[-_.[:space:]]?(content|body|text))'
	                          OR result_item.value ~* '(provider[-_.[:space:]]?(response|result))'
	                          OR result_item.value ~* '-----begin[-_[:space:]]*(private|secret)?[-_[:space:]]*key-----'
	                   )
	               ) THEN
	                RAISE EXCEPTION 'legacy job % result references violate the bounded metadata contract', job_row.job_id;
	            END IF;
	        ELSIF job_row.status = 'cancelled' THEN
	            target_state := 'CANCELLED';
	            target_status := 'cancelled';
	        ELSIF job_row.status = 'dead' THEN
	            target_state := 'DEAD_LETTER';
	            target_status := 'dead';
	            observed_attempts := GREATEST(1, observed_attempts);
	            retryable_failure := FALSE;
	        ELSIF job_row.status IN ('leased', 'processing')
	              AND job_row.lease_owner IS NOT NULL
	              AND job_row.lease_until IS NOT NULL
	              AND job_row.lease_until > COALESCE(job_row.lease_acquired_at, job_row.created_at)
	              AND job_row.lease_until > clock_timestamp() THEN
	            target_state := 'RUNNING';
	            target_status := 'processing';
	            observed_attempts := GREATEST(1, observed_attempts);
	            lease_worker := COALESCE(
	                job_row.lease_worker_id,
	                split_part(job_row.lease_owner, ':', 1),
	                'legacy-migration'
	            );
	            lease_acquired := COALESCE(
	                job_row.lease_acquired_at,
	                job_row.created_at
	            );
	            lease_expires := job_row.lease_until;
	        ELSIF job_row.status IN ('failed', 'dead')
	              AND observed_attempts >= effective_max_attempts THEN
	            target_state := 'DEAD_LETTER';
	            target_status := 'dead';
	            observed_attempts := GREATEST(1, observed_attempts);
	            retryable_failure := FALSE;
	        ELSIF job_row.status IN ('queued', 'leased', 'processing')
	              AND observed_attempts >= effective_max_attempts
	              AND observed_attempts > 0 THEN
	            target_state := 'DEAD_LETTER';
	            target_status := 'dead';
	            retryable_failure := FALSE;
	        ELSIF job_row.status IN ('failed', 'leased', 'processing') THEN
	            -- Expired or failed legacy work is made claimable after a
	            -- synthetic finished attempt. The canonical queue will apply its
	            -- normal retry policy from this point onward.
	            target_state := 'QUEUED';
	            target_status := 'queued';
	            observed_attempts := GREATEST(1, observed_attempts);
	        END IF;
	
	        IF target_state = 'RUNNING' THEN
	            -- The active attempt is materialized below with a NULL finish.
	            NULL;
	        END IF;
	
	        FOR attempt_no IN 1..observed_attempts LOOP
	            attempt_started := job_row.created_at
	                + ((job_row.updated_at - job_row.created_at)
	                   * ((attempt_no - 1)::DOUBLE PRECISION / observed_attempts));
	            IF target_state = 'RUNNING' AND attempt_no = observed_attempts THEN
	                attempt_state := 'RUNNING';
	                attempt_finished := NULL;
	                attempt_failure := NULL;
	            ELSIF target_state = 'SUCCEEDED' AND attempt_no = observed_attempts THEN
	                attempt_state := 'SUCCEEDED';
	                attempt_finished := GREATEST(attempt_started, job_row.updated_at);
	                attempt_failure := NULL;
	            ELSIF target_state = 'CANCELLED' AND attempt_no = observed_attempts THEN
	                attempt_state := 'CANCELLED';
	                attempt_finished := GREATEST(attempt_started, job_row.updated_at);
	                attempt_failure := NULL;
	            ELSE
	                attempt_state := 'FAILED';
	                attempt_finished := GREATEST(
	                    attempt_started,
	                    job_row.created_at
	                        + ((job_row.updated_at - job_row.created_at)
	                           * (attempt_no::DOUBLE PRECISION / observed_attempts))
	                );
	                attempt_failure := jsonb_build_object(
	                    'code', CASE
	                        WHEN job_row.last_error_code IN (
	                            'provider_timeout', 'provider_unavailable',
	                            'storage_unavailable', 'lock_unavailable',
	                            'validation_error', 'ingestion_failed',
	                            'cancelled', 'recovery_required'
	                        ) THEN job_row.last_error_code
	                        ELSE 'legacy_failure'
	                    END,
	                    'message', CASE
	                        WHEN target_state = 'DEAD_LETTER'
	                            THEN 'legacy job exhausted its bounded retry history'
	                        WHEN attempt_no = observed_attempts AND retryable_failure
	                            THEN 'legacy job requires a bounded retry'
	                        ELSE 'legacy failure reconstructed during canonical migration'
	                    END,
	                    'retryable', retryable_failure,
	                    'attempt', attempt_no,
	                    'occurred_at', EXTRACT(EPOCH FROM attempt_finished)
	                );
	            END IF;
	
	            INSERT INTO rick_ingestion_job_attempts
	                (job_id, attempt_no, worker_id, state, started_at,
	                 finished_at, failure)
	            VALUES (
	                job_row.job_id,
	                attempt_no,
	                COALESCE(lease_worker, 'legacy-migration'),
	                attempt_state,
	                attempt_started,
	                attempt_finished,
	                attempt_failure
	            );
	        END LOOP;
	
	        IF target_state IN ('DEAD_LETTER', 'QUEUED') THEN
	            target_failure := CASE
	                WHEN target_state = 'DEAD_LETTER' THEN jsonb_build_object(
	                    'code', CASE
	                        WHEN job_row.last_error_code IN (
	                            'provider_timeout', 'provider_unavailable',
	                            'storage_unavailable', 'lock_unavailable',
	                            'validation_error', 'ingestion_failed',
	                            'cancelled', 'recovery_required'
	                        ) THEN job_row.last_error_code
	                        ELSE 'legacy_failure'
	                    END,
	                    'message', 'legacy job exhausted its bounded retry history',
	                    'retryable', FALSE,
	                    'attempt', observed_attempts,
	                    'occurred_at', EXTRACT(EPOCH FROM job_row.updated_at)
	                )
	                ELSE NULL
	            END;
	        END IF;
	
	        UPDATE rick_ingestion_jobs
	        SET contract_state = target_state,
	            contract_version = 'jobs-contract-v1',
	            document_id = canonical_document_id,
	            payload = target_payload,
	            max_attempts = effective_max_attempts,
	            attempts = observed_attempts,
	            status = target_status,
	            result = target_result,
	            failure = target_failure,
	            lease_worker_id = lease_worker,
	            lease_acquired_at = lease_acquired,
	            lease_until = lease_expires,
	            lease_owner = CASE WHEN target_state = 'RUNNING' THEN job_row.lease_owner ELSE NULL END,
	            updated_at = GREATEST(job_row.updated_at, job_row.created_at)
	        WHERE job_id = job_row.job_id;
	
	        -- Preserve the same durable projection contract used by canonical
	        -- mutations. The migration itself is observable and replay-safe: one
	        -- stable event id fans out to lifecycle, outbox, and audit records.
	        rewrite_event_id := format('job:%s:legacy-rewritten', job_row.job_id);
	        rewrite_metadata := jsonb_build_object(
	            'contract_version', 'jobs-contract-v1',
	            'migration', '0005_rewrite_legacy_jobs',
	            'legacy_status', job_row.status,
	            'state', target_state,
	            'attempt_count', observed_attempts,
	            'max_attempts', effective_max_attempts
	        );
	        INSERT INTO rick_ingestion_job_events
	            (event_id, job_id, tenant_id, workspace_id, collection_id,
	             event_type, from_state, to_state, version, metadata)
	        VALUES (
	            rewrite_event_id,
	            job_row.job_id,
	            job_row.tenant_id,
	            job_row.workspace_id,
	            job_row.collection_id,
	            'legacy_rewritten',
	            NULL,
	            target_state,
	            job_row.version,
	            rewrite_metadata
	        )
	        ON CONFLICT (event_id) DO NOTHING;
	        INSERT INTO rick_outbox
	            (event_id, tenant_id, aggregate_type, aggregate_id, event_type, payload)
	        VALUES (
	            rewrite_event_id,
	            job_row.tenant_id,
	            'job',
	            job_row.job_id,
	            'jobs.legacy_rewritten',
	            rewrite_metadata
	        )
	        ON CONFLICT (event_id) DO NOTHING;
	        INSERT INTO rick_audit_events
	            (event_id, tenant_id, actor_user_id, action, target_type,
	             target_id, workspace_id, metadata)
	        VALUES (
	            rewrite_event_id,
	            job_row.tenant_id,
	            NULL,
	            'jobs.legacy_rewritten',
	            'job',
	            job_row.job_id,
	            job_row.workspace_id,
	            rewrite_metadata
	        )
	        ON CONFLICT (event_id) DO NOTHING;
	    END LOOP;
	END $$;
	
	-- Every row is canonical after this point. A follow-up deployment must not
	-- reintroduce the legacy writer; the compatibility facade is read-only until
	-- all callers have moved to rick_jobs.
	DO $$
	BEGIN
	    IF EXISTS (SELECT 1 FROM rick_ingestion_jobs WHERE contract_state IS NULL) THEN
	        RAISE EXCEPTION 'Phase 2.3 legacy job rewrite left NULL contract rows';
	    END IF;
	END $$;
	
	-- The old facade remains importable for rollback/read compatibility, but it
	-- must not recreate a second writable authority after this migration.
	CREATE OR REPLACE FUNCTION rick_require_canonical_job_write()
	RETURNS trigger
	LANGUAGE plpgsql
	AS $$
	BEGIN
	    IF NEW.contract_state IS NULL THEN
	        RAISE EXCEPTION
	            'legacy job writes are disabled after Phase 2.3 canonical rewrite';
	    END IF;
	    RETURN NEW;
	END;
	$$;
	
	DROP TRIGGER IF EXISTS rick_require_canonical_job_write_trg ON rick_ingestion_jobs;
	CREATE TRIGGER rick_require_canonical_job_write_trg
	BEFORE INSERT OR UPDATE ON rick_ingestion_jobs
	FOR EACH ROW EXECUTE FUNCTION rick_require_canonical_job_write();
	
2026-09-25 14:53:45.471 UTC [55] LOG:  checkpoint starting: immediate force wait
2026-09-25 14:53:45.471 UTC [55] LOG:  checkpoint complete: wrote 5 buffers (0.1%); 0 WAL file(s) added, 0 removed, 0 recycled; write=0.001 s, sync=0.001 s, total=0.001 s; sync files=4, longest=0.001 s, average=0.001 s; distance=4936 kB, estimate=4956 kB; lsn=0/C75EF18, redo lsn=0/C75EEE0
2026-09-25 14:53:45.872 UTC [2008] ERROR:  legacy job z-boundary payload is not a JSON object
2026-09-25 14:53:45.872 UTC [2008] CONTEXT:  PL/pgSQL function inline_code_block line 121 at RAISE
2026-09-25 14:53:45.872 UTC [2008] STATEMENT:  -- Phase 2.3: move the last legacy job rows into the canonical contract.
	--
	-- Migration 0004 deliberately left pre-existing rows in a NULL
	-- contract_state lane. This migration is the one-time, replayable caller
	-- switch: it creates a bounded attempt history before exposing each row to
	-- canonical claims. It fails closed for unknown states, impossible attempt
	-- counts, or an already populated canonical attempt table.
	
	DO $$
	DECLARE
	    job_row RECORD;
	    observed_attempts INTEGER;
	    effective_max_attempts INTEGER;
	    attempt_no INTEGER;
	    attempt_started TIMESTAMPTZ;
	    attempt_finished TIMESTAMPTZ;
	    attempt_state TEXT;
	    attempt_failure JSONB;
	    target_state TEXT;
	    target_status TEXT;
	    target_payload JSONB;
	    target_result JSONB;
	    target_failure JSONB;
	    lease_worker TEXT;
	    lease_acquired TIMESTAMPTZ;
	    lease_expires TIMESTAMPTZ;
	    retryable_failure BOOLEAN;
	    canonical_document_id TEXT;
	    rewrite_event_id TEXT;
	    rewrite_metadata JSONB;
	BEGIN
	    -- Legacy writers take the same transaction advisory lock before their
	    -- enqueue. This closes the scan-to-trigger window during the caller switch.
	    PERFORM pg_advisory_xact_lock(hashtext('rick-intelligence:jobs-canonical-rewrite'));
	
	    IF EXISTS (
	        SELECT 1
	        FROM rick_ingestion_jobs j
	        JOIN rick_ingestion_job_attempts a ON a.job_id = j.job_id
	        WHERE j.contract_state IS NULL
	    ) THEN
	        RAISE EXCEPTION
	            'legacy jobs already have attempt rows; reconcile before Phase 2.3 rewrite';
	    END IF;
	
	    IF EXISTS (
	        SELECT 1
	        FROM rick_ingestion_jobs
	        WHERE contract_state IS NULL
	          AND status NOT IN ('queued', 'leased', 'processing', 'published',
	                             'acked', 'failed', 'dead', 'cancelled')
	    ) THEN
	        RAISE EXCEPTION 'legacy jobs contain an unknown status';
	    END IF;
	
	    IF EXISTS (
	        SELECT 1
	        FROM rick_ingestion_jobs
	        WHERE contract_state IS NULL
	          AND (attempts < 0 OR attempts > 64)
	    ) THEN
	        RAISE EXCEPTION 'legacy jobs contain an attempt count outside 0..64';
	    END IF;
	
	    IF EXISTS (
	        SELECT 1
	        FROM rick_ingestion_jobs
	        WHERE contract_state IS NULL
	          AND (updated_at < created_at OR available_at < created_at)
	    ) THEN
	        RAISE EXCEPTION 'legacy jobs contain timestamps outside the canonical lifetime';
	    END IF;
	
	    IF EXISTS (
	        SELECT 1
	        FROM rick_ingestion_jobs
	        WHERE contract_state IS NULL
	          AND (
	              job_id !~ '^[A-Za-z0-9][A-Za-z0-9_.:-]{0,127}$'
	              OR tenant_id !~ '^[A-Za-z0-9][A-Za-z0-9_.:-]{0,127}$'
	              OR workspace_id !~ '^[A-Za-z0-9][A-Za-z0-9_.:-]{0,127}$'
	              OR collection_id !~ '^[A-Za-z0-9][A-Za-z0-9_.:-]{0,127}$'
	              OR idempotency_key !~ '^[A-Za-z0-9][A-Za-z0-9_.:-]{0,127}$'
	          )
	    ) THEN
	        RAISE EXCEPTION 'legacy jobs contain an identifier or scope outside the canonical contract';
	    END IF;
	
	    IF EXISTS (
	        SELECT 1
	        FROM rick_ingestion_jobs
	        WHERE contract_state IS NULL
	          AND (
	              operation IS NULL
	              OR length(operation) = 0
	              OR length(operation) > 64
	              OR operation ~ '[[:cntrl:]]'
	              OR operation !~ '^[A-Za-z0-9][A-Za-z0-9_.:-]{0,63}$'
	          )
	    ) THEN
	        RAISE EXCEPTION 'legacy jobs contain an operation outside the canonical contract';
	    END IF;
	
	    FOR job_row IN
	        SELECT *
	        FROM rick_ingestion_jobs
	        WHERE contract_state IS NULL
	        ORDER BY created_at, job_id
	        FOR UPDATE
	    LOOP
	        effective_max_attempts := GREATEST(1, COALESCE(job_row.max_attempts, 3));
	        observed_attempts := GREATEST(0, COALESCE(job_row.attempts, 0));
	        IF observed_attempts > effective_max_attempts THEN
	            effective_max_attempts := observed_attempts;
	        END IF;
	
	        target_state := 'QUEUED';
	        target_status := 'queued';
	        target_payload := COALESCE(job_row.payload, '{}'::jsonb);
	        target_result := NULL;
	        target_failure := NULL;
	        canonical_document_id := NULLIF(job_row.document_id, '');
	        lease_worker := NULL;
	        lease_acquired := NULL;
	        lease_expires := NULL;
	        retryable_failure := TRUE;
	
	        IF jsonb_typeof(target_payload) <> 'object' THEN
	            RAISE EXCEPTION 'legacy job % payload is not a JSON object', job_row.job_id;
	        END IF;
	        IF target_payload ? 'display_filename' THEN
	            IF target_payload ? 'filename_ref' THEN
	                RAISE EXCEPTION 'legacy job % has conflicting filename references', job_row.job_id;
	            END IF;
	            IF jsonb_typeof(target_payload -> 'display_filename') <> 'string' THEN
	                RAISE EXCEPTION 'legacy job % display filename is not text', job_row.job_id;
	            END IF;
	            target_payload := (target_payload - 'display_filename') || jsonb_build_object(
	                'filename_ref', replace(
	                    replace(encode(convert_to(target_payload ->> 'display_filename', 'UTF8'), 'base64'), E'\n', ''),
	                    E'\r', ''
	                )
	            );
	        END IF;
	        IF target_payload ->> 'document_id' = '' THEN
	            target_payload := target_payload - 'document_id';
	        END IF;
	        IF (SELECT count(*) FROM jsonb_object_keys(target_payload)) > 32
	           OR EXISTS (
	               SELECT 1
	               FROM jsonb_each_text(target_payload) AS payload_item(key, value)
	               WHERE jsonb_typeof(target_payload -> payload_item.key) <> 'string'
	                  OR length(payload_item.key) = 0
	                  OR length(payload_item.key) > 64
	                  OR payload_item.key !~ '^[a-z][a-z0-9_.:-]{0,63}$'
	                  OR payload_item.key ~* '(api[_-]?key|authorization|bearer|credential|password|pem|prompt|private|provider[_-]?(response|result)|raw[_-]?content|response|secret|token)'
	                  OR (
	                      payload_item.key NOT IN (
	                          'attempt_id', 'byte_size', 'bytes', 'checksum', 'chunk_id',
	                          'collection_id', 'document_id', 'etag', 'filename', 'hash',
	                          'index_version', 'job_id', 'lease_id', 'mime_type', 'model_id',
	                          'object_key', 'operation', 'page', 'provider_id', 'schema_version',
	                          'section', 'size', 'source_key', 'stage', 'state', 'status',
	                          'tenant_id', 'trace_id', 'uri', 'url', 'version', 'vector_id',
	                          'workspace_id'
	                      )
	                      AND payload_item.key !~ '(_id|_key|_ref|_version|_hash|_checksum|_uri|_url)$'
	                  )
	                  OR length(payload_item.value) = 0
	                  OR length(payload_item.value) > 512
	                  OR payload_item.value !~ '^[A-Za-z0-9][A-Za-z0-9_.:/@?=&%+~,\-]*$'
	                  OR payload_item.value ~* '(^|[^a-z0-9])(sk|pk|rk|ghp|glpat|xox[baprs])_[a-z0-9_-]*($|[^a-z0-9])'
	                  OR payload_item.value ~* '(bearer|basic)[[:space:]]+[a-z0-9._~+/=-]{8,}'
	                  OR payload_item.value ~* '(api[_-]?key|authorization|password|secret|token|private[_[:space:]-]?key)[[:space:]]*[:=]'
	                  OR payload_item.value ~* '(raw[-_.[:space:]]?(document[-_.[:space:]]?)?(content|body|text))'
	                  OR payload_item.value ~* '((full[-_.[:space:]]?)?document[-_.[:space:]]?(content|body|text))'
	                  OR payload_item.value ~* '(provider[-_.[:space:]]?(response|result))'
	                  OR payload_item.value ~* '-----begin[-_[:space:]]*(private|secret)?[-_[:space:]]*key-----'
	           ) THEN
	            RAISE EXCEPTION 'legacy job % payload violates the bounded jobs contract', job_row.job_id;
	        END IF;
	
	        IF job_row.status IN ('published', 'acked') THEN
	            target_state := 'SUCCEEDED';
	            target_status := 'published';
	            observed_attempts := GREATEST(1, observed_attempts);
	            target_result := COALESCE(
	                job_row.result,
	                jsonb_build_object(
	                    'output_refs', '{}'::jsonb,
	                    'document_id', NULLIF(job_row.document_id, ''),
	                    'completed_at', EXTRACT(EPOCH FROM job_row.updated_at)
	                )
	            );
	            IF jsonb_typeof(target_result) <> 'object'
	               OR (target_result ? 'output_refs'
	                   AND jsonb_typeof(target_result -> 'output_refs') <> 'object')
	               OR NOT (target_result ? 'completed_at')
	               OR jsonb_typeof(target_result -> 'completed_at') <> 'number'
	               OR (target_result ->> 'completed_at')::DOUBLE PRECISION
	                    < EXTRACT(EPOCH FROM job_row.created_at)
	               OR (target_result ->> 'completed_at')::DOUBLE PRECISION
	                    > EXTRACT(EPOCH FROM job_row.updated_at) THEN
	                RAISE EXCEPTION 'legacy job % result violates the completed result contract', job_row.job_id;
	            END IF;
	            IF target_result ? 'document_id' THEN
	                IF jsonb_typeof(target_result -> 'document_id') NOT IN ('string', 'null')
	                   OR (jsonb_typeof(target_result -> 'document_id') = 'string'
	                       AND target_result ->> 'document_id' <> ''
	                       AND target_result ->> 'document_id'
	                           !~ '^[A-Za-z0-9][A-Za-z0-9_.:-]{0,127}$') THEN
	                    RAISE EXCEPTION 'legacy job % result document reference is invalid', job_row.job_id;
	                END IF;
	                IF jsonb_typeof(target_result -> 'document_id') = 'null'
	                   OR target_result ->> 'document_id' = '' THEN
	                    target_result := target_result - 'document_id';
	                ELSE
	                    IF canonical_document_id IS NOT NULL
	                       AND canonical_document_id <> (target_result ->> 'document_id') THEN
	                        RAISE EXCEPTION 'legacy job % result document reference conflicts with the job document', job_row.job_id;
	                    END IF;
	                    canonical_document_id := target_result ->> 'document_id';
	                END IF;
	            END IF;
	            IF target_result ? 'output_refs'
	               AND (
	                   (SELECT count(*) FROM jsonb_object_keys(target_result -> 'output_refs')) > 32
	                   OR EXISTS (
	                       SELECT 1
	                       FROM jsonb_each_text(target_result -> 'output_refs') AS result_item(key, value)
	                       WHERE jsonb_typeof((target_result -> 'output_refs') -> result_item.key) <> 'string'
	                          OR length(result_item.key) = 0
	                          OR length(result_item.key) > 64
	                          OR result_item.key !~ '^[a-z][a-z0-9_.:-]{0,63}$'
	                          OR result_item.key ~* '(api[_-]?key|authorization|bearer|credential|password|pem|prompt|private|provider[_-]?(response|result)|raw[_-]?content|response|secret|token)'
	                          OR (
	                              result_item.key NOT IN (
	                                  'attempt_id', 'byte_size', 'bytes', 'checksum', 'chunk_id',
	                                  'collection_id', 'document_id', 'etag', 'filename', 'hash',
	                                  'index_version', 'job_id', 'lease_id', 'mime_type', 'model_id',
	                                  'object_key', 'operation', 'page', 'provider_id', 'schema_version',
	                                  'section', 'size', 'source_key', 'stage', 'state', 'status',
	                                  'tenant_id', 'trace_id', 'uri', 'url', 'version', 'vector_id',
	                                  'workspace_id'
	                              )
	                              AND result_item.key !~ '(_id|_key|_ref|_version|_hash|_checksum|_uri|_url)$'
	                          )
	                          OR length(result_item.value) = 0
	                          OR length(result_item.value) > 512
	                          OR result_item.value !~ '^[A-Za-z0-9][A-Za-z0-9_.:/@?=&%+~,\-]*$'
	                          OR result_item.value ~* '(^|[^a-z0-9])(sk|pk|rk|ghp|glpat|xox[baprs])_[a-z0-9_-]*($|[^a-z0-9])'
	                          OR result_item.value ~* '(bearer|basic)[[:space:]]+[a-z0-9._~+/=-]{8,}'
	                          OR result_item.value ~* '(api[_-]?key|authorization|password|secret|token|private[_[:space:]-]?key)[[:space:]]*[:=]'
	                          OR result_item.value ~* '(raw[-_.[:space:]]?(document[-_.[:space:]]?)?(content|body|text))'
	                          OR result_item.value ~* '((full[-_.[:space:]]?)?document[-_.[:space:]]?(content|body|text))'
	                          OR result_item.value ~* '(provider[-_.[:space:]]?(response|result))'
	                          OR result_item.value ~* '-----begin[-_[:space:]]*(private|secret)?[-_[:space:]]*key-----'
	                   )
	               ) THEN
	                RAISE EXCEPTION 'legacy job % result references violate the bounded metadata contract', job_row.job_id;
	            END IF;
	        ELSIF job_row.status = 'cancelled' THEN
	            target_state := 'CANCELLED';
	            target_status := 'cancelled';
	        ELSIF job_row.status = 'dead' THEN
	            target_state := 'DEAD_LETTER';
	            target_status := 'dead';
	            observed_attempts := GREATEST(1, observed_attempts);
	            retryable_failure := FALSE;
	        ELSIF job_row.status IN ('leased', 'processing')
	              AND job_row.lease_owner IS NOT NULL
	              AND job_row.lease_until IS NOT NULL
	              AND job_row.lease_until > COALESCE(job_row.lease_acquired_at, job_row.created_at)
	              AND job_row.lease_until > clock_timestamp() THEN
	            target_state := 'RUNNING';
	            target_status := 'processing';
	            observed_attempts := GREATEST(1, observed_attempts);
	            lease_worker := COALESCE(
	                job_row.lease_worker_id,
	                split_part(job_row.lease_owner, ':', 1),
	                'legacy-migration'
	            );
	            lease_acquired := COALESCE(
	                job_row.lease_acquired_at,
	                job_row.created_at
	            );
	            lease_expires := job_row.lease_until;
	        ELSIF job_row.status IN ('failed', 'dead')
	              AND observed_attempts >= effective_max_attempts THEN
	            target_state := 'DEAD_LETTER';
	            target_status := 'dead';
	            observed_attempts := GREATEST(1, observed_attempts);
	            retryable_failure := FALSE;
	        ELSIF job_row.status IN ('queued', 'leased', 'processing')
	              AND observed_attempts >= effective_max_attempts
	              AND observed_attempts > 0 THEN
	            target_state := 'DEAD_LETTER';
	            target_status := 'dead';
	            retryable_failure := FALSE;
	        ELSIF job_row.status IN ('failed', 'leased', 'processing') THEN
	            -- Expired or failed legacy work is made claimable after a
	            -- synthetic finished attempt. The canonical queue will apply its
	            -- normal retry policy from this point onward.
	            target_state := 'QUEUED';
	            target_status := 'queued';
	            observed_attempts := GREATEST(1, observed_attempts);
	        END IF;
	
	        IF target_state = 'RUNNING' THEN
	            -- The active attempt is materialized below with a NULL finish.
	            NULL;
	        END IF;
	
	        FOR attempt_no IN 1..observed_attempts LOOP
	            attempt_started := job_row.created_at
	                + ((job_row.updated_at - job_row.created_at)
	                   * ((attempt_no - 1)::DOUBLE PRECISION / observed_attempts));
	            IF target_state = 'RUNNING' AND attempt_no = observed_attempts THEN
	                attempt_state := 'RUNNING';
	                attempt_finished := NULL;
	                attempt_failure := NULL;
	            ELSIF target_state = 'SUCCEEDED' AND attempt_no = observed_attempts THEN
	                attempt_state := 'SUCCEEDED';
	                attempt_finished := GREATEST(attempt_started, job_row.updated_at);
	                attempt_failure := NULL;
	            ELSIF target_state = 'CANCELLED' AND attempt_no = observed_attempts THEN
	                attempt_state := 'CANCELLED';
	                attempt_finished := GREATEST(attempt_started, job_row.updated_at);
	                attempt_failure := NULL;
	            ELSE
	                attempt_state := 'FAILED';
	                attempt_finished := GREATEST(
	                    attempt_started,
	                    job_row.created_at
	                        + ((job_row.updated_at - job_row.created_at)
	                           * (attempt_no::DOUBLE PRECISION / observed_attempts))
	                );
	                attempt_failure := jsonb_build_object(
	                    'code', CASE
	                        WHEN job_row.last_error_code IN (
	                            'provider_timeout', 'provider_unavailable',
	                            'storage_unavailable', 'lock_unavailable',
	                            'validation_error', 'ingestion_failed',
	                            'cancelled', 'recovery_required'
	                        ) THEN job_row.last_error_code
	                        ELSE 'legacy_failure'
	                    END,
	                    'message', CASE
	                        WHEN target_state = 'DEAD_LETTER'
	                            THEN 'legacy job exhausted its bounded retry history'
	                        WHEN attempt_no = observed_attempts AND retryable_failure
	                            THEN 'legacy job requires a bounded retry'
	                        ELSE 'legacy failure reconstructed during canonical migration'
	                    END,
	                    'retryable', retryable_failure,
	                    'attempt', attempt_no,
	                    'occurred_at', EXTRACT(EPOCH FROM attempt_finished)
	                );
	            END IF;
	
	            INSERT INTO rick_ingestion_job_attempts
	                (job_id, attempt_no, worker_id, state, started_at,
	                 finished_at, failure)
	            VALUES (
	                job_row.job_id,
	                attempt_no,
	                COALESCE(lease_worker, 'legacy-migration'),
	                attempt_state,
	                attempt_started,
	                attempt_finished,
	                attempt_failure
	            );
	        END LOOP;
	
	        IF target_state IN ('DEAD_LETTER', 'QUEUED') THEN
	            target_failure := CASE
	                WHEN target_state = 'DEAD_LETTER' THEN jsonb_build_object(
	                    'code', CASE
	                        WHEN job_row.last_error_code IN (
	                            'provider_timeout', 'provider_unavailable',
	                            'storage_unavailable', 'lock_unavailable',
	                            'validation_error', 'ingestion_failed',
	                            'cancelled', 'recovery_required'
	                        ) THEN job_row.last_error_code
	                        ELSE 'legacy_failure'
	                    END,
	                    'message', 'legacy job exhausted its bounded retry history',
	                    'retryable', FALSE,
	                    'attempt', observed_attempts,
	                    'occurred_at', EXTRACT(EPOCH FROM job_row.updated_at)
	                )
	                ELSE NULL
	            END;
	        END IF;
	
	        UPDATE rick_ingestion_jobs
	        SET contract_state = target_state,
	            contract_version = 'jobs-contract-v1',
	            document_id = canonical_document_id,
	            payload = target_payload,
	            max_attempts = effective_max_attempts,
	            attempts = observed_attempts,
	            status = target_status,
	            result = target_result,
	            failure = target_failure,
	            lease_worker_id = lease_worker,
	            lease_acquired_at = lease_acquired,
	            lease_until = lease_expires,
	            lease_owner = CASE WHEN target_state = 'RUNNING' THEN job_row.lease_owner ELSE NULL END,
	            updated_at = GREATEST(job_row.updated_at, job_row.created_at)
	        WHERE job_id = job_row.job_id;
	
	        -- Preserve the same durable projection contract used by canonical
	        -- mutations. The migration itself is observable and replay-safe: one
	        -- stable event id fans out to lifecycle, outbox, and audit records.
	        rewrite_event_id := format('job:%s:legacy-rewritten', job_row.job_id);
	        rewrite_metadata := jsonb_build_object(
	            'contract_version', 'jobs-contract-v1',
	            'migration', '0005_rewrite_legacy_jobs',
	            'legacy_status', job_row.status,
	            'state', target_state,
	            'attempt_count', observed_attempts,
	            'max_attempts', effective_max_attempts
	        );
	        INSERT INTO rick_ingestion_job_events
	            (event_id, job_id, tenant_id, workspace_id, collection_id,
	             event_type, from_state, to_state, version, metadata)
	        VALUES (
	            rewrite_event_id,
	            job_row.job_id,
	            job_row.tenant_id,
	            job_row.workspace_id,
	            job_row.collection_id,
	            'legacy_rewritten',
	            NULL,
	            target_state,
	            job_row.version,
	            rewrite_metadata
	        )
	        ON CONFLICT (event_id) DO NOTHING;
	        INSERT INTO rick_outbox
	            (event_id, tenant_id, aggregate_type, aggregate_id, event_type, payload)
	        VALUES (
	            rewrite_event_id,
	            job_row.tenant_id,
	            'job',
	            job_row.job_id,
	            'jobs.legacy_rewritten',
	            rewrite_metadata
	        )
	        ON CONFLICT (event_id) DO NOTHING;
	        INSERT INTO rick_audit_events
	            (event_id, tenant_id, actor_user_id, action, target_type,
	             target_id, workspace_id, metadata)
	        VALUES (
	            rewrite_event_id,
	            job_row.tenant_id,
	            NULL,
	            'jobs.legacy_rewritten',
	            'job',
	            job_row.job_id,
	            job_row.workspace_id,
	            rewrite_metadata
	        )
	        ON CONFLICT (event_id) DO NOTHING;
	    END LOOP;
	END $$;
	
	-- Every row is canonical after this point. A follow-up deployment must not
	-- reintroduce the legacy writer; the compatibility facade is read-only until
	-- all callers have moved to rick_jobs.
	DO $$
	BEGIN
	    IF EXISTS (SELECT 1 FROM rick_ingestion_jobs WHERE contract_state IS NULL) THEN
	        RAISE EXCEPTION 'Phase 2.3 legacy job rewrite left NULL contract rows';
	    END IF;
	END $$;
	
	-- The old facade remains importable for rollback/read compatibility, but it
	-- must not recreate a second writable authority after this migration.
	CREATE OR REPLACE FUNCTION rick_require_canonical_job_write()
	RETURNS trigger
	LANGUAGE plpgsql
	AS $$
	BEGIN
	    IF NEW.contract_state IS NULL THEN
	        RAISE EXCEPTION
	            'legacy job writes are disabled after Phase 2.3 canonical rewrite';
	    END IF;
	    RETURN NEW;
	END;
	$$;
	
	DROP TRIGGER IF EXISTS rick_require_canonical_job_write_trg ON rick_ingestion_jobs;
	CREATE TRIGGER rick_require_canonical_job_write_trg
	BEFORE INSERT OR UPDATE ON rick_ingestion_jobs
	FOR EACH ROW EXECUTE FUNCTION rick_require_canonical_job_write();
	
2026-09-25 14:53:46.056 UTC [55] LOG:  checkpoint starting: immediate force wait
2026-09-25 14:53:46.056 UTC [55] LOG:  checkpoint complete: wrote 5 buffers (0.1%); 0 WAL file(s) added, 0 removed, 0 recycled; write=0.001 s, sync=0.001 s, total=0.001 s; sync files=4, longest=0.001 s, average=0.001 s; distance=4936 kB, estimate=4954 kB; lsn=0/CC312B8, redo lsn=0/CC31280
2026-09-25 14:53:46.471 UTC [55] LOG:  checkpoint starting: immediate force wait
2026-09-25 14:53:46.471 UTC [55] LOG:  checkpoint complete: wrote 5 buffers (0.1%); 0 WAL file(s) added, 0 removed, 1 recycled; write=0.001 s, sync=0.001 s, total=0.001 s; sync files=4, longest=0.001 s, average=0.001 s; distance=4963 kB, estimate=4963 kB; lsn=0/D10A138, redo lsn=0/D10A100
2026-09-25 14:53:46.860 UTC [2084] ERROR:  legacy job published result references violate the bounded metadata contract
2026-09-25 14:53:46.860 UTC [2084] CONTEXT:  PL/pgSQL function inline_code_block line 252 at RAISE
2026-09-25 14:53:46.860 UTC [2084] STATEMENT:  -- Phase 2.3: move the last legacy job rows into the canonical contract.
	--
	-- Migration 0004 deliberately left pre-existing rows in a NULL
	-- contract_state lane. This migration is the one-time, replayable caller
	-- switch: it creates a bounded attempt history before exposing each row to
	-- canonical claims. It fails closed for unknown states, impossible attempt
	-- counts, or an already populated canonical attempt table.
	
	DO $$
	DECLARE
	    job_row RECORD;
	    observed_attempts INTEGER;
	    effective_max_attempts INTEGER;
	    attempt_no INTEGER;
	    attempt_started TIMESTAMPTZ;
	    attempt_finished TIMESTAMPTZ;
	    attempt_state TEXT;
	    attempt_failure JSONB;
	    target_state TEXT;
	    target_status TEXT;
	    target_payload JSONB;
	    target_result JSONB;
	    target_failure JSONB;
	    lease_worker TEXT;
	    lease_acquired TIMESTAMPTZ;
	    lease_expires TIMESTAMPTZ;
	    retryable_failure BOOLEAN;
	    canonical_document_id TEXT;
	    rewrite_event_id TEXT;
	    rewrite_metadata JSONB;
	BEGIN
	    -- Legacy writers take the same transaction advisory lock before their
	    -- enqueue. This closes the scan-to-trigger window during the caller switch.
	    PERFORM pg_advisory_xact_lock(hashtext('rick-intelligence:jobs-canonical-rewrite'));
	
	    IF EXISTS (
	        SELECT 1
	        FROM rick_ingestion_jobs j
	        JOIN rick_ingestion_job_attempts a ON a.job_id = j.job_id
	        WHERE j.contract_state IS NULL
	    ) THEN
	        RAISE EXCEPTION
	            'legacy jobs already have attempt rows; reconcile before Phase 2.3 rewrite';
	    END IF;
	
	    IF EXISTS (
	        SELECT 1
	        FROM rick_ingestion_jobs
	        WHERE contract_state IS NULL
	          AND status NOT IN ('queued', 'leased', 'processing', 'published',
	                             'acked', 'failed', 'dead', 'cancelled')
	    ) THEN
	        RAISE EXCEPTION 'legacy jobs contain an unknown status';
	    END IF;
	
	    IF EXISTS (
	        SELECT 1
	        FROM rick_ingestion_jobs
	        WHERE contract_state IS NULL
	          AND (attempts < 0 OR attempts > 64)
	    ) THEN
	        RAISE EXCEPTION 'legacy jobs contain an attempt count outside 0..64';
	    END IF;
	
	    IF EXISTS (
	        SELECT 1
	        FROM rick_ingestion_jobs
	        WHERE contract_state IS NULL
	          AND (updated_at < created_at OR available_at < created_at)
	    ) THEN
	        RAISE EXCEPTION 'legacy jobs contain timestamps outside the canonical lifetime';
	    END IF;
	
	    IF EXISTS (
	        SELECT 1
	        FROM rick_ingestion_jobs
	        WHERE contract_state IS NULL
	          AND (
	              job_id !~ '^[A-Za-z0-9][A-Za-z0-9_.:-]{0,127}$'
	              OR tenant_id !~ '^[A-Za-z0-9][A-Za-z0-9_.:-]{0,127}$'
	              OR workspace_id !~ '^[A-Za-z0-9][A-Za-z0-9_.:-]{0,127}$'
	              OR collection_id !~ '^[A-Za-z0-9][A-Za-z0-9_.:-]{0,127}$'
	              OR idempotency_key !~ '^[A-Za-z0-9][A-Za-z0-9_.:-]{0,127}$'
	          )
	    ) THEN
	        RAISE EXCEPTION 'legacy jobs contain an identifier or scope outside the canonical contract';
	    END IF;
	
	    IF EXISTS (
	        SELECT 1
	        FROM rick_ingestion_jobs
	        WHERE contract_state IS NULL
	          AND (
	              operation IS NULL
	              OR length(operation) = 0
	              OR length(operation) > 64
	              OR operation ~ '[[:cntrl:]]'
	              OR operation !~ '^[A-Za-z0-9][A-Za-z0-9_.:-]{0,63}$'
	          )
	    ) THEN
	        RAISE EXCEPTION 'legacy jobs contain an operation outside the canonical contract';
	    END IF;
	
	    FOR job_row IN
	        SELECT *
	        FROM rick_ingestion_jobs
	        WHERE contract_state IS NULL
	        ORDER BY created_at, job_id
	        FOR UPDATE
	    LOOP
	        effective_max_attempts := GREATEST(1, COALESCE(job_row.max_attempts, 3));
	        observed_attempts := GREATEST(0, COALESCE(job_row.attempts, 0));
	        IF observed_attempts > effective_max_attempts THEN
	            effective_max_attempts := observed_attempts;
	        END IF;
	
	        target_state := 'QUEUED';
	        target_status := 'queued';
	        target_payload := COALESCE(job_row.payload, '{}'::jsonb);
	        target_result := NULL;
	        target_failure := NULL;
	        canonical_document_id := NULLIF(job_row.document_id, '');
	        lease_worker := NULL;
	        lease_acquired := NULL;
	        lease_expires := NULL;
	        retryable_failure := TRUE;
	
	        IF jsonb_typeof(target_payload) <> 'object' THEN
	            RAISE EXCEPTION 'legacy job % payload is not a JSON object', job_row.job_id;
	        END IF;
	        IF target_payload ? 'display_filename' THEN
	            IF target_payload ? 'filename_ref' THEN
	                RAISE EXCEPTION 'legacy job % has conflicting filename references', job_row.job_id;
	            END IF;
	            IF jsonb_typeof(target_payload -> 'display_filename') <> 'string' THEN
	                RAISE EXCEPTION 'legacy job % display filename is not text', job_row.job_id;
	            END IF;
	            target_payload := (target_payload - 'display_filename') || jsonb_build_object(
	                'filename_ref', replace(
	                    replace(encode(convert_to(target_payload ->> 'display_filename', 'UTF8'), 'base64'), E'\n', ''),
	                    E'\r', ''
	                )
	            );
	        END IF;
	        IF target_payload ->> 'document_id' = '' THEN
	            target_payload := target_payload - 'document_id';
	        END IF;
	        IF (SELECT count(*) FROM jsonb_object_keys(target_payload)) > 32
	           OR EXISTS (
	               SELECT 1
	               FROM jsonb_each_text(target_payload) AS payload_item(key, value)
	               WHERE jsonb_typeof(target_payload -> payload_item.key) <> 'string'
	                  OR length(payload_item.key) = 0
	                  OR length(payload_item.key) > 64
	                  OR payload_item.key !~ '^[a-z][a-z0-9_.:-]{0,63}$'
	                  OR payload_item.key ~* '(api[_-]?key|authorization|bearer|credential|password|pem|prompt|private|provider[_-]?(response|result)|raw[_-]?content|response|secret|token)'
	                  OR (
	                      payload_item.key NOT IN (
	                          'attempt_id', 'byte_size', 'bytes', 'checksum', 'chunk_id',
	                          'collection_id', 'document_id', 'etag', 'filename', 'hash',
	                          'index_version', 'job_id', 'lease_id', 'mime_type', 'model_id',
	                          'object_key', 'operation', 'page', 'provider_id', 'schema_version',
	                          'section', 'size', 'source_key', 'stage', 'state', 'status',
	                          'tenant_id', 'trace_id', 'uri', 'url', 'version', 'vector_id',
	                          'workspace_id'
	                      )
	                      AND payload_item.key !~ '(_id|_key|_ref|_version|_hash|_checksum|_uri|_url)$'
	                  )
	                  OR length(payload_item.value) = 0
	                  OR length(payload_item.value) > 512
	                  OR payload_item.value !~ '^[A-Za-z0-9][A-Za-z0-9_.:/@?=&%+~,\-]*$'
	                  OR payload_item.value ~* '(^|[^a-z0-9])(sk|pk|rk|ghp|glpat|xox[baprs])_[a-z0-9_-]*($|[^a-z0-9])'
	                  OR payload_item.value ~* '(bearer|basic)[[:space:]]+[a-z0-9._~+/=-]{8,}'
	                  OR payload_item.value ~* '(api[_-]?key|authorization|password|secret|token|private[_[:space:]-]?key)[[:space:]]*[:=]'
	                  OR payload_item.value ~* '(raw[-_.[:space:]]?(document[-_.[:space:]]?)?(content|body|text))'
	                  OR payload_item.value ~* '((full[-_.[:space:]]?)?document[-_.[:space:]]?(content|body|text))'
	                  OR payload_item.value ~* '(provider[-_.[:space:]]?(response|result))'
	                  OR payload_item.value ~* '-----begin[-_[:space:]]*(private|secret)?[-_[:space:]]*key-----'
	           ) THEN
	            RAISE EXCEPTION 'legacy job % payload violates the bounded jobs contract', job_row.job_id;
	        END IF;
	
	        IF job_row.status IN ('published', 'acked') THEN
	            target_state := 'SUCCEEDED';
	            target_status := 'published';
	            observed_attempts := GREATEST(1, observed_attempts);
	            target_result := COALESCE(
	                job_row.result,
	                jsonb_build_object(
	                    'output_refs', '{}'::jsonb,
	                    'document_id', NULLIF(job_row.document_id, ''),
	                    'completed_at', EXTRACT(EPOCH FROM job_row.updated_at)
	                )
	            );
	            IF jsonb_typeof(target_result) <> 'object'
	               OR (target_result ? 'output_refs'
	                   AND jsonb_typeof(target_result -> 'output_refs') <> 'object')
	               OR NOT (target_result ? 'completed_at')
	               OR jsonb_typeof(target_result -> 'completed_at') <> 'number'
	               OR (target_result ->> 'completed_at')::DOUBLE PRECISION
	                    < EXTRACT(EPOCH FROM job_row.created_at)
	               OR (target_result ->> 'completed_at')::DOUBLE PRECISION
	                    > EXTRACT(EPOCH FROM job_row.updated_at) THEN
	                RAISE EXCEPTION 'legacy job % result violates the completed result contract', job_row.job_id;
	            END IF;
	            IF target_result ? 'document_id' THEN
	                IF jsonb_typeof(target_result -> 'document_id') NOT IN ('string', 'null')
	                   OR (jsonb_typeof(target_result -> 'document_id') = 'string'
	                       AND target_result ->> 'document_id' <> ''
	                       AND target_result ->> 'document_id'
	                           !~ '^[A-Za-z0-9][A-Za-z0-9_.:-]{0,127}$') THEN
	                    RAISE EXCEPTION 'legacy job % result document reference is invalid', job_row.job_id;
	                END IF;
	                IF jsonb_typeof(target_result -> 'document_id') = 'null'
	                   OR target_result ->> 'document_id' = '' THEN
	                    target_result := target_result - 'document_id';
	                ELSE
	                    IF canonical_document_id IS NOT NULL
	                       AND canonical_document_id <> (target_result ->> 'document_id') THEN
	                        RAISE EXCEPTION 'legacy job % result document reference conflicts with the job document', job_row.job_id;
	                    END IF;
	                    canonical_document_id := target_result ->> 'document_id';
	                END IF;
	            END IF;
	            IF target_result ? 'output_refs'
	               AND (
	                   (SELECT count(*) FROM jsonb_object_keys(target_result -> 'output_refs')) > 32
	                   OR EXISTS (
	                       SELECT 1
	                       FROM jsonb_each_text(target_result -> 'output_refs') AS result_item(key, value)
	                       WHERE jsonb_typeof((target_result -> 'output_refs') -> result_item.key) <> 'string'
	                          OR length(result_item.key) = 0
	                          OR length(result_item.key) > 64
	                          OR result_item.key !~ '^[a-z][a-z0-9_.:-]{0,63}$'
	                          OR result_item.key ~* '(api[_-]?key|authorization|bearer|credential|password|pem|prompt|private|provider[_-]?(response|result)|raw[_-]?content|response|secret|token)'
	                          OR (
	                              result_item.key NOT IN (
	                                  'attempt_id', 'byte_size', 'bytes', 'checksum', 'chunk_id',
	                                  'collection_id', 'document_id', 'etag', 'filename', 'hash',
	                                  'index_version', 'job_id', 'lease_id', 'mime_type', 'model_id',
	                                  'object_key', 'operation', 'page', 'provider_id', 'schema_version',
	                                  'section', 'size', 'source_key', 'stage', 'state', 'status',
	                                  'tenant_id', 'trace_id', 'uri', 'url', 'version', 'vector_id',
	                                  'workspace_id'
	                              )
	                              AND result_item.key !~ '(_id|_key|_ref|_version|_hash|_checksum|_uri|_url)$'
	                          )
	                          OR length(result_item.value) = 0
	                          OR length(result_item.value) > 512
	                          OR result_item.value !~ '^[A-Za-z0-9][A-Za-z0-9_.:/@?=&%+~,\-]*$'
	                          OR result_item.value ~* '(^|[^a-z0-9])(sk|pk|rk|ghp|glpat|xox[baprs])_[a-z0-9_-]*($|[^a-z0-9])'
	                          OR result_item.value ~* '(bearer|basic)[[:space:]]+[a-z0-9._~+/=-]{8,}'
	                          OR result_item.value ~* '(api[_-]?key|authorization|password|secret|token|private[_[:space:]-]?key)[[:space:]]*[:=]'
	                          OR result_item.value ~* '(raw[-_.[:space:]]?(document[-_.[:space:]]?)?(content|body|text))'
	                          OR result_item.value ~* '((full[-_.[:space:]]?)?document[-_.[:space:]]?(content|body|text))'
	                          OR result_item.value ~* '(provider[-_.[:space:]]?(response|result))'
	                          OR result_item.value ~* '-----begin[-_[:space:]]*(private|secret)?[-_[:space:]]*key-----'
	                   )
	               ) THEN
	                RAISE EXCEPTION 'legacy job % result references violate the bounded metadata contract', job_row.job_id;
	            END IF;
	        ELSIF job_row.status = 'cancelled' THEN
	            target_state := 'CANCELLED';
	            target_status := 'cancelled';
	        ELSIF job_row.status = 'dead' THEN
	            target_state := 'DEAD_LETTER';
	            target_status := 'dead';
	            observed_attempts := GREATEST(1, observed_attempts);
	            retryable_failure := FALSE;
	        ELSIF job_row.status IN ('leased', 'processing')
	              AND job_row.lease_owner IS NOT NULL
	              AND job_row.lease_until IS NOT NULL
	              AND job_row.lease_until > COALESCE(job_row.lease_acquired_at, job_row.created_at)
	              AND job_row.lease_until > clock_timestamp() THEN
	            target_state := 'RUNNING';
	            target_status := 'processing';
	            observed_attempts := GREATEST(1, observed_attempts);
	            lease_worker := COALESCE(
	                job_row.lease_worker_id,
	                split_part(job_row.lease_owner, ':', 1),
	                'legacy-migration'
	            );
	            lease_acquired := COALESCE(
	                job_row.lease_acquired_at,
	                job_row.created_at
	            );
	            lease_expires := job_row.lease_until;
	        ELSIF job_row.status IN ('failed', 'dead')
	              AND observed_attempts >= effective_max_attempts THEN
	            target_state := 'DEAD_LETTER';
	            target_status := 'dead';
	            observed_attempts := GREATEST(1, observed_attempts);
	            retryable_failure := FALSE;
	        ELSIF job_row.status IN ('queued', 'leased', 'processing')
	              AND observed_attempts >= effective_max_attempts
	              AND observed_attempts > 0 THEN
	            target_state := 'DEAD_LETTER';
	            target_status := 'dead';
	            retryable_failure := FALSE;
	        ELSIF job_row.status IN ('failed', 'leased', 'processing') THEN
	            -- Expired or failed legacy work is made claimable after a
	            -- synthetic finished attempt. The canonical queue will apply its
	            -- normal retry policy from this point onward.
	            target_state := 'QUEUED';
	            target_status := 'queued';
	            observed_attempts := GREATEST(1, observed_attempts);
	        END IF;
	
	        IF target_state = 'RUNNING' THEN
	            -- The active attempt is materialized below with a NULL finish.
	            NULL;
	        END IF;
	
	        FOR attempt_no IN 1..observed_attempts LOOP
	            attempt_started := job_row.created_at
	                + ((job_row.updated_at - job_row.created_at)
	                   * ((attempt_no - 1)::DOUBLE PRECISION / observed_attempts));
	            IF target_state = 'RUNNING' AND attempt_no = observed_attempts THEN
	                attempt_state := 'RUNNING';
	                attempt_finished := NULL;
	                attempt_failure := NULL;
	            ELSIF target_state = 'SUCCEEDED' AND attempt_no = observed_attempts THEN
	                attempt_state := 'SUCCEEDED';
	                attempt_finished := GREATEST(attempt_started, job_row.updated_at);
	                attempt_failure := NULL;
	            ELSIF target_state = 'CANCELLED' AND attempt_no = observed_attempts THEN
	                attempt_state := 'CANCELLED';
	                attempt_finished := GREATEST(attempt_started, job_row.updated_at);
	                attempt_failure := NULL;
	            ELSE
	                attempt_state := 'FAILED';
	                attempt_finished := GREATEST(
	                    attempt_started,
	                    job_row.created_at
	                        + ((job_row.updated_at - job_row.created_at)
	                           * (attempt_no::DOUBLE PRECISION / observed_attempts))
	                );
	                attempt_failure := jsonb_build_object(
	                    'code', CASE
	                        WHEN job_row.last_error_code IN (
	                            'provider_timeout', 'provider_unavailable',
	                            'storage_unavailable', 'lock_unavailable',
	                            'validation_error', 'ingestion_failed',
	                            'cancelled', 'recovery_required'
	                        ) THEN job_row.last_error_code
	                        ELSE 'legacy_failure'
	                    END,
	                    'message', CASE
	                        WHEN target_state = 'DEAD_LETTER'
	                            THEN 'legacy job exhausted its bounded retry history'
	                        WHEN attempt_no = observed_attempts AND retryable_failure
	                            THEN 'legacy job requires a bounded retry'
	                        ELSE 'legacy failure reconstructed during canonical migration'
	                    END,
	                    'retryable', retryable_failure,
	                    'attempt', attempt_no,
	                    'occurred_at', EXTRACT(EPOCH FROM attempt_finished)
	                );
	            END IF;
	
	            INSERT INTO rick_ingestion_job_attempts
	                (job_id, attempt_no, worker_id, state, started_at,
	                 finished_at, failure)
	            VALUES (
	                job_row.job_id,
	                attempt_no,
	                COALESCE(lease_worker, 'legacy-migration'),
	                attempt_state,
	                attempt_started,
	                attempt_finished,
	                attempt_failure
	            );
	        END LOOP;
	
	        IF target_state IN ('DEAD_LETTER', 'QUEUED') THEN
	            target_failure := CASE
	                WHEN target_state = 'DEAD_LETTER' THEN jsonb_build_object(
	                    'code', CASE
	                        WHEN job_row.last_error_code IN (
	                            'provider_timeout', 'provider_unavailable',
	                            'storage_unavailable', 'lock_unavailable',
	                            'validation_error', 'ingestion_failed',
	                            'cancelled', 'recovery_required'
	                        ) THEN job_row.last_error_code
	                        ELSE 'legacy_failure'
	                    END,
	                    'message', 'legacy job exhausted its bounded retry history',
	                    'retryable', FALSE,
	                    'attempt', observed_attempts,
	                    'occurred_at', EXTRACT(EPOCH FROM job_row.updated_at)
	                )
	                ELSE NULL
	            END;
	        END IF;
	
	        UPDATE rick_ingestion_jobs
	        SET contract_state = target_state,
	            contract_version = 'jobs-contract-v1',
	            document_id = canonical_document_id,
	            payload = target_payload,
	            max_attempts = effective_max_attempts,
	            attempts = observed_attempts,
	            status = target_status,
	            result = target_result,
	            failure = target_failure,
	            lease_worker_id = lease_worker,
	            lease_acquired_at = lease_acquired,
	            lease_until = lease_expires,
	            lease_owner = CASE WHEN target_state = 'RUNNING' THEN job_row.lease_owner ELSE NULL END,
	            updated_at = GREATEST(job_row.updated_at, job_row.created_at)
	        WHERE job_id = job_row.job_id;
	
	        -- Preserve the same durable projection contract used by canonical
	        -- mutations. The migration itself is observable and replay-safe: one
	        -- stable event id fans out to lifecycle, outbox, and audit records.
	        rewrite_event_id := format('job:%s:legacy-rewritten', job_row.job_id);
	        rewrite_metadata := jsonb_build_object(
	            'contract_version', 'jobs-contract-v1',
	            'migration', '0005_rewrite_legacy_jobs',
	            'legacy_status', job_row.status,
	            'state', target_state,
	            'attempt_count', observed_attempts,
	            'max_attempts', effective_max_attempts
	        );
	        INSERT INTO rick_ingestion_job_events
	            (event_id, job_id, tenant_id, workspace_id, collection_id,
	             event_type, from_state, to_state, version, metadata)
	        VALUES (
	            rewrite_event_id,
	            job_row.job_id,
	            job_row.tenant_id,
	            job_row.workspace_id,
	            job_row.collection_id,
	            'legacy_rewritten',
	            NULL,
	            target_state,
	            job_row.version,
	            rewrite_metadata
	        )
	        ON CONFLICT (event_id) DO NOTHING;
	        INSERT INTO rick_outbox
	            (event_id, tenant_id, aggregate_type, aggregate_id, event_type, payload)
	        VALUES (
	            rewrite_event_id,
	            job_row.tenant_id,
	            'job',
	            job_row.job_id,
	            'jobs.legacy_rewritten',
	            rewrite_metadata
	        )
	        ON CONFLICT (event_id) DO NOTHING;
	        INSERT INTO rick_audit_events
	            (event_id, tenant_id, actor_user_id, action, target_type,
	             target_id, workspace_id, metadata)
	        VALUES (
	            rewrite_event_id,
	            job_row.tenant_id,
	            NULL,
	            'jobs.legacy_rewritten',
	            'job',
	            job_row.job_id,
	            job_row.workspace_id,
	            rewrite_metadata
	        )
	        ON CONFLICT (event_id) DO NOTHING;
	    END LOOP;
	END $$;
	
	-- Every row is canonical after this point. A follow-up deployment must not
	-- reintroduce the legacy writer; the compatibility facade is read-only until
	-- all callers have moved to rick_jobs.
	DO $$
	BEGIN
	    IF EXISTS (SELECT 1 FROM rick_ingestion_jobs WHERE contract_state IS NULL) THEN
	        RAISE EXCEPTION 'Phase 2.3 legacy job rewrite left NULL contract rows';
	    END IF;
	END $$;
	
	-- The old facade remains importable for rollback/read compatibility, but it
	-- must not recreate a second writable authority after this migration.
	CREATE OR REPLACE FUNCTION rick_require_canonical_job_write()
	RETURNS trigger
	LANGUAGE plpgsql
	AS $$
	BEGIN
	    IF NEW.contract_state IS NULL THEN
	        RAISE EXCEPTION
	            'legacy job writes are disabled after Phase 2.3 canonical rewrite';
	    END IF;
	    RETURN NEW;
	END;
	$$;
	
	DROP TRIGGER IF EXISTS rick_require_canonical_job_write_trg ON rick_ingestion_jobs;
	CREATE TRIGGER rick_require_canonical_job_write_trg
	BEFORE INSERT OR UPDATE ON rick_ingestion_jobs
	FOR EACH ROW EXECUTE FUNCTION rick_require_canonical_job_write();
	
2026-09-25 14:53:47.044 UTC [55] LOG:  checkpoint starting: immediate force wait
2026-09-25 14:53:47.045 UTC [55] LOG:  checkpoint complete: wrote 5 buffers (0.1%); 0 WAL file(s) added, 0 removed, 0 recycled; write=0.001 s, sync=0.001 s, total=0.001 s; sync files=4, longest=0.001 s, average=0.001 s; distance=4933 kB, estimate=4960 kB; lsn=0/D5DB750, redo lsn=0/D5DB718
2026-09-25 14:53:47.455 UTC [55] LOG:  checkpoint starting: immediate force wait
2026-09-25 14:53:47.455 UTC [55] LOG:  checkpoint complete: wrote 5 buffers (0.1%); 0 WAL file(s) added, 0 removed, 0 recycled; write=0.001 s, sync=0.001 s, total=0.001 s; sync files=4, longest=0.001 s, average=0.001 s; distance=4964 kB, estimate=4964 kB; lsn=0/DAB4890, redo lsn=0/DAB4858
2026-09-25 14:53:47.841 UTC [2160] ERROR:  legacy job published result references violate the bounded metadata contract
2026-09-25 14:53:47.841 UTC [2160] CONTEXT:  PL/pgSQL function inline_code_block line 252 at RAISE
2026-09-25 14:53:47.841 UTC [2160] STATEMENT:  -- Phase 2.3: move the last legacy job rows into the canonical contract.
	--
	-- Migration 0004 deliberately left pre-existing rows in a NULL
	-- contract_state lane. This migration is the one-time, replayable caller
	-- switch: it creates a bounded attempt history before exposing each row to
	-- canonical claims. It fails closed for unknown states, impossible attempt
	-- counts, or an already populated canonical attempt table.
	
	DO $$
	DECLARE
	    job_row RECORD;
	    observed_attempts INTEGER;
	    effective_max_attempts INTEGER;
	    attempt_no INTEGER;
	    attempt_started TIMESTAMPTZ;
	    attempt_finished TIMESTAMPTZ;
	    attempt_state TEXT;
	    attempt_failure JSONB;
	    target_state TEXT;
	    target_status TEXT;
	    target_payload JSONB;
	    target_result JSONB;
	    target_failure JSONB;
	    lease_worker TEXT;
	    lease_acquired TIMESTAMPTZ;
	    lease_expires TIMESTAMPTZ;
	    retryable_failure BOOLEAN;
	    canonical_document_id TEXT;
	    rewrite_event_id TEXT;
	    rewrite_metadata JSONB;
	BEGIN
	    -- Legacy writers take the same transaction advisory lock before their
	    -- enqueue. This closes the scan-to-trigger window during the caller switch.
	    PERFORM pg_advisory_xact_lock(hashtext('rick-intelligence:jobs-canonical-rewrite'));
	
	    IF EXISTS (
	        SELECT 1
	        FROM rick_ingestion_jobs j
	        JOIN rick_ingestion_job_attempts a ON a.job_id = j.job_id
	        WHERE j.contract_state IS NULL
	    ) THEN
	        RAISE EXCEPTION
	            'legacy jobs already have attempt rows; reconcile before Phase 2.3 rewrite';
	    END IF;
	
	    IF EXISTS (
	        SELECT 1
	        FROM rick_ingestion_jobs
	        WHERE contract_state IS NULL
	          AND status NOT IN ('queued', 'leased', 'processing', 'published',
	                             'acked', 'failed', 'dead', 'cancelled')
	    ) THEN
	        RAISE EXCEPTION 'legacy jobs contain an unknown status';
	    END IF;
	
	    IF EXISTS (
	        SELECT 1
	        FROM rick_ingestion_jobs
	        WHERE contract_state IS NULL
	          AND (attempts < 0 OR attempts > 64)
	    ) THEN
	        RAISE EXCEPTION 'legacy jobs contain an attempt count outside 0..64';
	    END IF;
	
	    IF EXISTS (
	        SELECT 1
	        FROM rick_ingestion_jobs
	        WHERE contract_state IS NULL
	          AND (updated_at < created_at OR available_at < created_at)
	    ) THEN
	        RAISE EXCEPTION 'legacy jobs contain timestamps outside the canonical lifetime';
	    END IF;
	
	    IF EXISTS (
	        SELECT 1
	        FROM rick_ingestion_jobs
	        WHERE contract_state IS NULL
	          AND (
	              job_id !~ '^[A-Za-z0-9][A-Za-z0-9_.:-]{0,127}$'
	              OR tenant_id !~ '^[A-Za-z0-9][A-Za-z0-9_.:-]{0,127}$'
	              OR workspace_id !~ '^[A-Za-z0-9][A-Za-z0-9_.:-]{0,127}$'
	              OR collection_id !~ '^[A-Za-z0-9][A-Za-z0-9_.:-]{0,127}$'
	              OR idempotency_key !~ '^[A-Za-z0-9][A-Za-z0-9_.:-]{0,127}$'
	          )
	    ) THEN
	        RAISE EXCEPTION 'legacy jobs contain an identifier or scope outside the canonical contract';
	    END IF;
	
	    IF EXISTS (
	        SELECT 1
	        FROM rick_ingestion_jobs
	        WHERE contract_state IS NULL
	          AND (
	              operation IS NULL
	              OR length(operation) = 0
	              OR length(operation) > 64
	              OR operation ~ '[[:cntrl:]]'
	              OR operation !~ '^[A-Za-z0-9][A-Za-z0-9_.:-]{0,63}$'
	          )
	    ) THEN
	        RAISE EXCEPTION 'legacy jobs contain an operation outside the canonical contract';
	    END IF;
	
	    FOR job_row IN
	        SELECT *
	        FROM rick_ingestion_jobs
	        WHERE contract_state IS NULL
	        ORDER BY created_at, job_id
	        FOR UPDATE
	    LOOP
	        effective_max_attempts := GREATEST(1, COALESCE(job_row.max_attempts, 3));
	        observed_attempts := GREATEST(0, COALESCE(job_row.attempts, 0));
	        IF observed_attempts > effective_max_attempts THEN
	            effective_max_attempts := observed_attempts;
	        END IF;
	
	        target_state := 'QUEUED';
	        target_status := 'queued';
	        target_payload := COALESCE(job_row.payload, '{}'::jsonb);
	        target_result := NULL;
	        target_failure := NULL;
	        canonical_document_id := NULLIF(job_row.document_id, '');
	        lease_worker := NULL;
	        lease_acquired := NULL;
	        lease_expires := NULL;
	        retryable_failure := TRUE;
	
	        IF jsonb_typeof(target_payload) <> 'object' THEN
	            RAISE EXCEPTION 'legacy job % payload is not a JSON object', job_row.job_id;
	        END IF;
	        IF target_payload ? 'display_filename' THEN
	            IF target_payload ? 'filename_ref' THEN
	                RAISE EXCEPTION 'legacy job % has conflicting filename references', job_row.job_id;
	            END IF;
	            IF jsonb_typeof(target_payload -> 'display_filename') <> 'string' THEN
	                RAISE EXCEPTION 'legacy job % display filename is not text', job_row.job_id;
	            END IF;
	            target_payload := (target_payload - 'display_filename') || jsonb_build_object(
	                'filename_ref', replace(
	                    replace(encode(convert_to(target_payload ->> 'display_filename', 'UTF8'), 'base64'), E'\n', ''),
	                    E'\r', ''
	                )
	            );
	        END IF;
	        IF target_payload ->> 'document_id' = '' THEN
	            target_payload := target_payload - 'document_id';
	        END IF;
	        IF (SELECT count(*) FROM jsonb_object_keys(target_payload)) > 32
	           OR EXISTS (
	               SELECT 1
	               FROM jsonb_each_text(target_payload) AS payload_item(key, value)
	               WHERE jsonb_typeof(target_payload -> payload_item.key) <> 'string'
	                  OR length(payload_item.key) = 0
	                  OR length(payload_item.key) > 64
	                  OR payload_item.key !~ '^[a-z][a-z0-9_.:-]{0,63}$'
	                  OR payload_item.key ~* '(api[_-]?key|authorization|bearer|credential|password|pem|prompt|private|provider[_-]?(response|result)|raw[_-]?content|response|secret|token)'
	                  OR (
	                      payload_item.key NOT IN (
	                          'attempt_id', 'byte_size', 'bytes', 'checksum', 'chunk_id',
	                          'collection_id', 'document_id', 'etag', 'filename', 'hash',
	                          'index_version', 'job_id', 'lease_id', 'mime_type', 'model_id',
	                          'object_key', 'operation', 'page', 'provider_id', 'schema_version',
	                          'section', 'size', 'source_key', 'stage', 'state', 'status',
	                          'tenant_id', 'trace_id', 'uri', 'url', 'version', 'vector_id',
	                          'workspace_id'
	                      )
	                      AND payload_item.key !~ '(_id|_key|_ref|_version|_hash|_checksum|_uri|_url)$'
	                  )
	                  OR length(payload_item.value) = 0
	                  OR length(payload_item.value) > 512
	                  OR payload_item.value !~ '^[A-Za-z0-9][A-Za-z0-9_.:/@?=&%+~,\-]*$'
	                  OR payload_item.value ~* '(^|[^a-z0-9])(sk|pk|rk|ghp|glpat|xox[baprs])_[a-z0-9_-]*($|[^a-z0-9])'
	                  OR payload_item.value ~* '(bearer|basic)[[:space:]]+[a-z0-9._~+/=-]{8,}'
	                  OR payload_item.value ~* '(api[_-]?key|authorization|password|secret|token|private[_[:space:]-]?key)[[:space:]]*[:=]'
	                  OR payload_item.value ~* '(raw[-_.[:space:]]?(document[-_.[:space:]]?)?(content|body|text))'
	                  OR payload_item.value ~* '((full[-_.[:space:]]?)?document[-_.[:space:]]?(content|body|text))'
	                  OR payload_item.value ~* '(provider[-_.[:space:]]?(response|result))'
	                  OR payload_item.value ~* '-----begin[-_[:space:]]*(private|secret)?[-_[:space:]]*key-----'
	           ) THEN
	            RAISE EXCEPTION 'legacy job % payload violates the bounded jobs contract', job_row.job_id;
	        END IF;
	
	        IF job_row.status IN ('published', 'acked') THEN
	            target_state := 'SUCCEEDED';
	            target_status := 'published';
	            observed_attempts := GREATEST(1, observed_attempts);
	            target_result := COALESCE(
	                job_row.result,
	                jsonb_build_object(
	                    'output_refs', '{}'::jsonb,
	                    'document_id', NULLIF(job_row.document_id, ''),
	                    'completed_at', EXTRACT(EPOCH FROM job_row.updated_at)
	                )
	            );
	            IF jsonb_typeof(target_result) <> 'object'
	               OR (target_result ? 'output_refs'
	                   AND jsonb_typeof(target_result -> 'output_refs') <> 'object')
	               OR NOT (target_result ? 'completed_at')
	               OR jsonb_typeof(target_result -> 'completed_at') <> 'number'
	               OR (target_result ->> 'completed_at')::DOUBLE PRECISION
	                    < EXTRACT(EPOCH FROM job_row.created_at)
	               OR (target_result ->> 'completed_at')::DOUBLE PRECISION
	                    > EXTRACT(EPOCH FROM job_row.updated_at) THEN
	                RAISE EXCEPTION 'legacy job % result violates the completed result contract', job_row.job_id;
	            END IF;
	            IF target_result ? 'document_id' THEN
	                IF jsonb_typeof(target_result -> 'document_id') NOT IN ('string', 'null')
	                   OR (jsonb_typeof(target_result -> 'document_id') = 'string'
	                       AND target_result ->> 'document_id' <> ''
	                       AND target_result ->> 'document_id'
	                           !~ '^[A-Za-z0-9][A-Za-z0-9_.:-]{0,127}$') THEN
	                    RAISE EXCEPTION 'legacy job % result document reference is invalid', job_row.job_id;
	                END IF;
	                IF jsonb_typeof(target_result -> 'document_id') = 'null'
	                   OR target_result ->> 'document_id' = '' THEN
	                    target_result := target_result - 'document_id';
	                ELSE
	                    IF canonical_document_id IS NOT NULL
	                       AND canonical_document_id <> (target_result ->> 'document_id') THEN
	                        RAISE EXCEPTION 'legacy job % result document reference conflicts with the job document', job_row.job_id;
	                    END IF;
	                    canonical_document_id := target_result ->> 'document_id';
	                END IF;
	            END IF;
	            IF target_result ? 'output_refs'
	               AND (
	                   (SELECT count(*) FROM jsonb_object_keys(target_result -> 'output_refs')) > 32
	                   OR EXISTS (
	                       SELECT 1
	                       FROM jsonb_each_text(target_result -> 'output_refs') AS result_item(key, value)
	                       WHERE jsonb_typeof((target_result -> 'output_refs') -> result_item.key) <> 'string'
	                          OR length(result_item.key) = 0
	                          OR length(result_item.key) > 64
	                          OR result_item.key !~ '^[a-z][a-z0-9_.:-]{0,63}$'
	                          OR result_item.key ~* '(api[_-]?key|authorization|bearer|credential|password|pem|prompt|private|provider[_-]?(response|result)|raw[_-]?content|response|secret|token)'
	                          OR (
	                              result_item.key NOT IN (
	                                  'attempt_id', 'byte_size', 'bytes', 'checksum', 'chunk_id',
	                                  'collection_id', 'document_id', 'etag', 'filename', 'hash',
	                                  'index_version', 'job_id', 'lease_id', 'mime_type', 'model_id',
	                                  'object_key', 'operation', 'page', 'provider_id', 'schema_version',
	                                  'section', 'size', 'source_key', 'stage', 'state', 'status',
	                                  'tenant_id', 'trace_id', 'uri', 'url', 'version', 'vector_id',
	                                  'workspace_id'
	                              )
	                              AND result_item.key !~ '(_id|_key|_ref|_version|_hash|_checksum|_uri|_url)$'
	                          )
	                          OR length(result_item.value) = 0
	                          OR length(result_item.value) > 512
	                          OR result_item.value !~ '^[A-Za-z0-9][A-Za-z0-9_.:/@?=&%+~,\-]*$'
	                          OR result_item.value ~* '(^|[^a-z0-9])(sk|pk|rk|ghp|glpat|xox[baprs])_[a-z0-9_-]*($|[^a-z0-9])'
	                          OR result_item.value ~* '(bearer|basic)[[:space:]]+[a-z0-9._~+/=-]{8,}'
	                          OR result_item.value ~* '(api[_-]?key|authorization|password|secret|token|private[_[:space:]-]?key)[[:space:]]*[:=]'
	                          OR result_item.value ~* '(raw[-_.[:space:]]?(document[-_.[:space:]]?)?(content|body|text))'
	                          OR result_item.value ~* '((full[-_.[:space:]]?)?document[-_.[:space:]]?(content|body|text))'
	                          OR result_item.value ~* '(provider[-_.[:space:]]?(response|result))'
	                          OR result_item.value ~* '-----begin[-_[:space:]]*(private|secret)?[-_[:space:]]*key-----'
	                   )
	               ) THEN
	                RAISE EXCEPTION 'legacy job % result references violate the bounded metadata contract', job_row.job_id;
	            END IF;
	        ELSIF job_row.status = 'cancelled' THEN
	            target_state := 'CANCELLED';
	            target_status := 'cancelled';
	        ELSIF job_row.status = 'dead' THEN
	            target_state := 'DEAD_LETTER';
	            target_status := 'dead';
	            observed_attempts := GREATEST(1, observed_attempts);
	            retryable_failure := FALSE;
	        ELSIF job_row.status IN ('leased', 'processing')
	              AND job_row.lease_owner IS NOT NULL
	              AND job_row.lease_until IS NOT NULL
	              AND job_row.lease_until > COALESCE(job_row.lease_acquired_at, job_row.created_at)
	              AND job_row.lease_until > clock_timestamp() THEN
	            target_state := 'RUNNING';
	            target_status := 'processing';
	            observed_attempts := GREATEST(1, observed_attempts);
	            lease_worker := COALESCE(
	                job_row.lease_worker_id,
	                split_part(job_row.lease_owner, ':', 1),
	                'legacy-migration'
	            );
	            lease_acquired := COALESCE(
	                job_row.lease_acquired_at,
	                job_row.created_at
	            );
	            lease_expires := job_row.lease_until;
	        ELSIF job_row.status IN ('failed', 'dead')
	              AND observed_attempts >= effective_max_attempts THEN
	            target_state := 'DEAD_LETTER';
	            target_status := 'dead';
	            observed_attempts := GREATEST(1, observed_attempts);
	            retryable_failure := FALSE;
	        ELSIF job_row.status IN ('queued', 'leased', 'processing')
	              AND observed_attempts >= effective_max_attempts
	              AND observed_attempts > 0 THEN
	            target_state := 'DEAD_LETTER';
	            target_status := 'dead';
	            retryable_failure := FALSE;
	        ELSIF job_row.status IN ('failed', 'leased', 'processing') THEN
	            -- Expired or failed legacy work is made claimable after a
	            -- synthetic finished attempt. The canonical queue will apply its
	            -- normal retry policy from this point onward.
	            target_state := 'QUEUED';
	            target_status := 'queued';
	            observed_attempts := GREATEST(1, observed_attempts);
	        END IF;
	
	        IF target_state = 'RUNNING' THEN
	            -- The active attempt is materialized below with a NULL finish.
	            NULL;
	        END IF;
	
	        FOR attempt_no IN 1..observed_attempts LOOP
	            attempt_started := job_row.created_at
	                + ((job_row.updated_at - job_row.created_at)
	                   * ((attempt_no - 1)::DOUBLE PRECISION / observed_attempts));
	            IF target_state = 'RUNNING' AND attempt_no = observed_attempts THEN
	                attempt_state := 'RUNNING';
	                attempt_finished := NULL;
	                attempt_failure := NULL;
	            ELSIF target_state = 'SUCCEEDED' AND attempt_no = observed_attempts THEN
	                attempt_state := 'SUCCEEDED';
	                attempt_finished := GREATEST(attempt_started, job_row.updated_at);
	                attempt_failure := NULL;
	            ELSIF target_state = 'CANCELLED' AND attempt_no = observed_attempts THEN
	                attempt_state := 'CANCELLED';
	                attempt_finished := GREATEST(attempt_started, job_row.updated_at);
	                attempt_failure := NULL;
	            ELSE
	                attempt_state := 'FAILED';
	                attempt_finished := GREATEST(
	                    attempt_started,
	                    job_row.created_at
	                        + ((job_row.updated_at - job_row.created_at)
	                           * (attempt_no::DOUBLE PRECISION / observed_attempts))
	                );
	                attempt_failure := jsonb_build_object(
	                    'code', CASE
	                        WHEN job_row.last_error_code IN (
	                            'provider_timeout', 'provider_unavailable',
	                            'storage_unavailable', 'lock_unavailable',
	                            'validation_error', 'ingestion_failed',
	                            'cancelled', 'recovery_required'
	                        ) THEN job_row.last_error_code
	                        ELSE 'legacy_failure'
	                    END,
	                    'message', CASE
	                        WHEN target_state = 'DEAD_LETTER'
	                            THEN 'legacy job exhausted its bounded retry history'
	                        WHEN attempt_no = observed_attempts AND retryable_failure
	                            THEN 'legacy job requires a bounded retry'
	                        ELSE 'legacy failure reconstructed during canonical migration'
	                    END,
	                    'retryable', retryable_failure,
	                    'attempt', attempt_no,
	                    'occurred_at', EXTRACT(EPOCH FROM attempt_finished)
	                );
	            END IF;
	
	            INSERT INTO rick_ingestion_job_attempts
	                (job_id, attempt_no, worker_id, state, started_at,
	                 finished_at, failure)
	            VALUES (
	                job_row.job_id,
	                attempt_no,
	                COALESCE(lease_worker, 'legacy-migration'),
	                attempt_state,
	                attempt_started,
	                attempt_finished,
	                attempt_failure
	            );
	        END LOOP;
	
	        IF target_state IN ('DEAD_LETTER', 'QUEUED') THEN
	            target_failure := CASE
	                WHEN target_state = 'DEAD_LETTER' THEN jsonb_build_object(
	                    'code', CASE
	                        WHEN job_row.last_error_code IN (
	                            'provider_timeout', 'provider_unavailable',
	                            'storage_unavailable', 'lock_unavailable',
	                            'validation_error', 'ingestion_failed',
	                            'cancelled', 'recovery_required'
	                        ) THEN job_row.last_error_code
	                        ELSE 'legacy_failure'
	                    END,
	                    'message', 'legacy job exhausted its bounded retry history',
	                    'retryable', FALSE,
	                    'attempt', observed_attempts,
	                    'occurred_at', EXTRACT(EPOCH FROM job_row.updated_at)
	                )
	                ELSE NULL
	            END;
	        END IF;
	
	        UPDATE rick_ingestion_jobs
	        SET contract_state = target_state,
	            contract_version = 'jobs-contract-v1',
	            document_id = canonical_document_id,
	            payload = target_payload,
	            max_attempts = effective_max_attempts,
	            attempts = observed_attempts,
	            status = target_status,
	            result = target_result,
	            failure = target_failure,
	            lease_worker_id = lease_worker,
	            lease_acquired_at = lease_acquired,
	            lease_until = lease_expires,
	            lease_owner = CASE WHEN target_state = 'RUNNING' THEN job_row.lease_owner ELSE NULL END,
	            updated_at = GREATEST(job_row.updated_at, job_row.created_at)
	        WHERE job_id = job_row.job_id;
	
	        -- Preserve the same durable projection contract used by canonical
	        -- mutations. The migration itself is observable and replay-safe: one
	        -- stable event id fans out to lifecycle, outbox, and audit records.
	        rewrite_event_id := format('job:%s:legacy-rewritten', job_row.job_id);
	        rewrite_metadata := jsonb_build_object(
	            'contract_version', 'jobs-contract-v1',
	            'migration', '0005_rewrite_legacy_jobs',
	            'legacy_status', job_row.status,
	            'state', target_state,
	            'attempt_count', observed_attempts,
	            'max_attempts', effective_max_attempts
	        );
	        INSERT INTO rick_ingestion_job_events
	            (event_id, job_id, tenant_id, workspace_id, collection_id,
	             event_type, from_state, to_state, version, metadata)
	        VALUES (
	            rewrite_event_id,
	            job_row.job_id,
	            job_row.tenant_id,
	            job_row.workspace_id,
	            job_row.collection_id,
	            'legacy_rewritten',
	            NULL,
	            target_state,
	            job_row.version,
	            rewrite_metadata
	        )
	        ON CONFLICT (event_id) DO NOTHING;
	        INSERT INTO rick_outbox
	            (event_id, tenant_id, aggregate_type, aggregate_id, event_type, payload)
	        VALUES (
	            rewrite_event_id,
	            job_row.tenant_id,
	            'job',
	            job_row.job_id,
	            'jobs.legacy_rewritten',
	            rewrite_metadata
	        )
	        ON CONFLICT (event_id) DO NOTHING;
	        INSERT INTO rick_audit_events
	            (event_id, tenant_id, actor_user_id, action, target_type,
	             target_id, workspace_id, metadata)
	        VALUES (
	            rewrite_event_id,
	            job_row.tenant_id,
	            NULL,
	            'jobs.legacy_rewritten',
	            'job',
	            job_row.job_id,
	            job_row.workspace_id,
	            rewrite_metadata
	        )
	        ON CONFLICT (event_id) DO NOTHING;
	    END LOOP;
	END $$;
	
	-- Every row is canonical after this point. A follow-up deployment must not
	-- reintroduce the legacy writer; the compatibility facade is read-only until
	-- all callers have moved to rick_jobs.
	DO $$
	BEGIN
	    IF EXISTS (SELECT 1 FROM rick_ingestion_jobs WHERE contract_state IS NULL) THEN
	        RAISE EXCEPTION 'Phase 2.3 legacy job rewrite left NULL contract rows';
	    END IF;
	END $$;
	
	-- The old facade remains importable for rollback/read compatibility, but it
	-- must not recreate a second writable authority after this migration.
	CREATE OR REPLACE FUNCTION rick_require_canonical_job_write()
	RETURNS trigger
	LANGUAGE plpgsql
	AS $$
	BEGIN
	    IF NEW.contract_state IS NULL THEN
	        RAISE EXCEPTION
	            'legacy job writes are disabled after Phase 2.3 canonical rewrite';
	    END IF;
	    RETURN NEW;
	END;
	$$;
	
	DROP TRIGGER IF EXISTS rick_require_canonical_job_write_trg ON rick_ingestion_jobs;
	CREATE TRIGGER rick_require_canonical_job_write_trg
	BEFORE INSERT OR UPDATE ON rick_ingestion_jobs
	FOR EACH ROW EXECUTE FUNCTION rick_require_canonical_job_write();
	
2026-09-25 14:53:48.058 UTC [55] LOG:  checkpoint starting: immediate force wait
2026-09-25 14:53:48.058 UTC [55] LOG:  checkpoint complete: wrote 5 buffers (0.1%); 0 WAL file(s) added, 0 removed, 0 recycled; write=0.001 s, sync=0.001 s, total=0.001 s; sync files=4, longest=0.001 s, average=0.001 s; distance=4934 kB, estimate=4961 kB; lsn=0/DF861A8, redo lsn=0/DF86170
2026-09-25 14:53:48.461 UTC [2208] ERROR:  legacy job published result references violate the bounded metadata contract
2026-09-25 14:53:48.461 UTC [2208] CONTEXT:  PL/pgSQL function inline_code_block line 252 at RAISE
2026-09-25 14:53:48.461 UTC [2208] STATEMENT:  -- Phase 2.3: move the last legacy job rows into the canonical contract.
	--
	-- Migration 0004 deliberately left pre-existing rows in a NULL
	-- contract_state lane. This migration is the one-time, replayable caller
	-- switch: it creates a bounded attempt history before exposing each row to
	-- canonical claims. It fails closed for unknown states, impossible attempt
	-- counts, or an already populated canonical attempt table.
	
	DO $$
	DECLARE
	    job_row RECORD;
	    observed_attempts INTEGER;
	    effective_max_attempts INTEGER;
	    attempt_no INTEGER;
	    attempt_started TIMESTAMPTZ;
	    attempt_finished TIMESTAMPTZ;
	    attempt_state TEXT;
	    attempt_failure JSONB;
	    target_state TEXT;
	    target_status TEXT;
	    target_payload JSONB;
	    target_result JSONB;
	    target_failure JSONB;
	    lease_worker TEXT;
	    lease_acquired TIMESTAMPTZ;
	    lease_expires TIMESTAMPTZ;
	    retryable_failure BOOLEAN;
	    canonical_document_id TEXT;
	    rewrite_event_id TEXT;
	    rewrite_metadata JSONB;
	BEGIN
	    -- Legacy writers take the same transaction advisory lock before their
	    -- enqueue. This closes the scan-to-trigger window during the caller switch.
	    PERFORM pg_advisory_xact_lock(hashtext('rick-intelligence:jobs-canonical-rewrite'));
	
	    IF EXISTS (
	        SELECT 1
	        FROM rick_ingestion_jobs j
	        JOIN rick_ingestion_job_attempts a ON a.job_id = j.job_id
	        WHERE j.contract_state IS NULL
	    ) THEN
	        RAISE EXCEPTION
	            'legacy jobs already have attempt rows; reconcile before Phase 2.3 rewrite';
	    END IF;
	
	    IF EXISTS (
	        SELECT 1
	        FROM rick_ingestion_jobs
	        WHERE contract_state IS NULL
	          AND status NOT IN ('queued', 'leased', 'processing', 'published',
	                             'acked', 'failed', 'dead', 'cancelled')
	    ) THEN
	        RAISE EXCEPTION 'legacy jobs contain an unknown status';
	    END IF;
	
	    IF EXISTS (
	        SELECT 1
	        FROM rick_ingestion_jobs
	        WHERE contract_state IS NULL
	          AND (attempts < 0 OR attempts > 64)
	    ) THEN
	        RAISE EXCEPTION 'legacy jobs contain an attempt count outside 0..64';
	    END IF;
	
	    IF EXISTS (
	        SELECT 1
	        FROM rick_ingestion_jobs
	        WHERE contract_state IS NULL
	          AND (updated_at < created_at OR available_at < created_at)
	    ) THEN
	        RAISE EXCEPTION 'legacy jobs contain timestamps outside the canonical lifetime';
	    END IF;
	
	    IF EXISTS (
	        SELECT 1
	        FROM rick_ingestion_jobs
	        WHERE contract_state IS NULL
	          AND (
	              job_id !~ '^[A-Za-z0-9][A-Za-z0-9_.:-]{0,127}$'
	              OR tenant_id !~ '^[A-Za-z0-9][A-Za-z0-9_.:-]{0,127}$'
	              OR workspace_id !~ '^[A-Za-z0-9][A-Za-z0-9_.:-]{0,127}$'
	              OR collection_id !~ '^[A-Za-z0-9][A-Za-z0-9_.:-]{0,127}$'
	              OR idempotency_key !~ '^[A-Za-z0-9][A-Za-z0-9_.:-]{0,127}$'
	          )
	    ) THEN
	        RAISE EXCEPTION 'legacy jobs contain an identifier or scope outside the canonical contract';
	    END IF;
	
	    IF EXISTS (
	        SELECT 1
	        FROM rick_ingestion_jobs
	        WHERE contract_state IS NULL
	          AND (
	              operation IS NULL
	              OR length(operation) = 0
	              OR length(operation) > 64
	              OR operation ~ '[[:cntrl:]]'
	              OR operation !~ '^[A-Za-z0-9][A-Za-z0-9_.:-]{0,63}$'
	          )
	    ) THEN
	        RAISE EXCEPTION 'legacy jobs contain an operation outside the canonical contract';
	    END IF;
	
	    FOR job_row IN
	        SELECT *
	        FROM rick_ingestion_jobs
	        WHERE contract_state IS NULL
	        ORDER BY created_at, job_id
	        FOR UPDATE
	    LOOP
	        effective_max_attempts := GREATEST(1, COALESCE(job_row.max_attempts, 3));
	        observed_attempts := GREATEST(0, COALESCE(job_row.attempts, 0));
	        IF observed_attempts > effective_max_attempts THEN
	            effective_max_attempts := observed_attempts;
	        END IF;
	
	        target_state := 'QUEUED';
	        target_status := 'queued';
	        target_payload := COALESCE(job_row.payload, '{}'::jsonb);
	        target_result := NULL;
	        target_failure := NULL;
	        canonical_document_id := NULLIF(job_row.document_id, '');
	        lease_worker := NULL;
	        lease_acquired := NULL;
	        lease_expires := NULL;
	        retryable_failure := TRUE;
	
	        IF jsonb_typeof(target_payload) <> 'object' THEN
	            RAISE EXCEPTION 'legacy job % payload is not a JSON object', job_row.job_id;
	        END IF;
	        IF target_payload ? 'display_filename' THEN
	            IF target_payload ? 'filename_ref' THEN
	                RAISE EXCEPTION 'legacy job % has conflicting filename references', job_row.job_id;
	            END IF;
	            IF jsonb_typeof(target_payload -> 'display_filename') <> 'string' THEN
	                RAISE EXCEPTION 'legacy job % display filename is not text', job_row.job_id;
	            END IF;
	            target_payload := (target_payload - 'display_filename') || jsonb_build_object(
	                'filename_ref', replace(
	                    replace(encode(convert_to(target_payload ->> 'display_filename', 'UTF8'), 'base64'), E'\n', ''),
	                    E'\r', ''
	                )
	            );
	        END IF;
	        IF target_payload ->> 'document_id' = '' THEN
	            target_payload := target_payload - 'document_id';
	        END IF;
	        IF (SELECT count(*) FROM jsonb_object_keys(target_payload)) > 32
	           OR EXISTS (
	               SELECT 1
	               FROM jsonb_each_text(target_payload) AS payload_item(key, value)
	               WHERE jsonb_typeof(target_payload -> payload_item.key) <> 'string'
	                  OR length(payload_item.key) = 0
	                  OR length(payload_item.key) > 64
	                  OR payload_item.key !~ '^[a-z][a-z0-9_.:-]{0,63}$'
	                  OR payload_item.key ~* '(api[_-]?key|authorization|bearer|credential|password|pem|prompt|private|provider[_-]?(response|result)|raw[_-]?content|response|secret|token)'
	                  OR (
	                      payload_item.key NOT IN (
	                          'attempt_id', 'byte_size', 'bytes', 'checksum', 'chunk_id',
	                          'collection_id', 'document_id', 'etag', 'filename', 'hash',
	                          'index_version', 'job_id', 'lease_id', 'mime_type', 'model_id',
	                          'object_key', 'operation', 'page', 'provider_id', 'schema_version',
	                          'section', 'size', 'source_key', 'stage', 'state', 'status',
	                          'tenant_id', 'trace_id', 'uri', 'url', 'version', 'vector_id',
	                          'workspace_id'
	                      )
	                      AND payload_item.key !~ '(_id|_key|_ref|_version|_hash|_checksum|_uri|_url)$'
	                  )
	                  OR length(payload_item.value) = 0
	                  OR length(payload_item.value) > 512
	                  OR payload_item.value !~ '^[A-Za-z0-9][A-Za-z0-9_.:/@?=&%+~,\-]*$'
	                  OR payload_item.value ~* '(^|[^a-z0-9])(sk|pk|rk|ghp|glpat|xox[baprs])_[a-z0-9_-]*($|[^a-z0-9])'
	                  OR payload_item.value ~* '(bearer|basic)[[:space:]]+[a-z0-9._~+/=-]{8,}'
	                  OR payload_item.value ~* '(api[_-]?key|authorization|password|secret|token|private[_[:space:]-]?key)[[:space:]]*[:=]'
	                  OR payload_item.value ~* '(raw[-_.[:space:]]?(document[-_.[:space:]]?)?(content|body|text))'
	                  OR payload_item.value ~* '((full[-_.[:space:]]?)?document[-_.[:space:]]?(content|body|text))'
	                  OR payload_item.value ~* '(provider[-_.[:space:]]?(response|result))'
	                  OR payload_item.value ~* '-----begin[-_[:space:]]*(private|secret)?[-_[:space:]]*key-----'
	           ) THEN
	            RAISE EXCEPTION 'legacy job % payload violates the bounded jobs contract', job_row.job_id;
	        END IF;
	
	        IF job_row.status IN ('published', 'acked') THEN
	            target_state := 'SUCCEEDED';
	            target_status := 'published';
	            observed_attempts := GREATEST(1, observed_attempts);
	            target_result := COALESCE(
	                job_row.result,
	                jsonb_build_object(
	                    'output_refs', '{}'::jsonb,
	                    'document_id', NULLIF(job_row.document_id, ''),
	                    'completed_at', EXTRACT(EPOCH FROM job_row.updated_at)
	                )
	            );
	            IF jsonb_typeof(target_result) <> 'object'
	               OR (target_result ? 'output_refs'
	                   AND jsonb_typeof(target_result -> 'output_refs') <> 'object')
	               OR NOT (target_result ? 'completed_at')
	               OR jsonb_typeof(target_result -> 'completed_at') <> 'number'
	               OR (target_result ->> 'completed_at')::DOUBLE PRECISION
	                    < EXTRACT(EPOCH FROM job_row.created_at)
	               OR (target_result ->> 'completed_at')::DOUBLE PRECISION
	                    > EXTRACT(EPOCH FROM job_row.updated_at) THEN
	                RAISE EXCEPTION 'legacy job % result violates the completed result contract', job_row.job_id;
	            END IF;
	            IF target_result ? 'document_id' THEN
	                IF jsonb_typeof(target_result -> 'document_id') NOT IN ('string', 'null')
	                   OR (jsonb_typeof(target_result -> 'document_id') = 'string'
	                       AND target_result ->> 'document_id' <> ''
	                       AND target_result ->> 'document_id'
	                           !~ '^[A-Za-z0-9][A-Za-z0-9_.:-]{0,127}$') THEN
	                    RAISE EXCEPTION 'legacy job % result document reference is invalid', job_row.job_id;
	                END IF;
	                IF jsonb_typeof(target_result -> 'document_id') = 'null'
	                   OR target_result ->> 'document_id' = '' THEN
	                    target_result := target_result - 'document_id';
	                ELSE
	                    IF canonical_document_id IS NOT NULL
	                       AND canonical_document_id <> (target_result ->> 'document_id') THEN
	                        RAISE EXCEPTION 'legacy job % result document reference conflicts with the job document', job_row.job_id;
	                    END IF;
	                    canonical_document_id := target_result ->> 'document_id';
	                END IF;
	            END IF;
	            IF target_result ? 'output_refs'
	               AND (
	                   (SELECT count(*) FROM jsonb_object_keys(target_result -> 'output_refs')) > 32
	                   OR EXISTS (
	                       SELECT 1
	                       FROM jsonb_each_text(target_result -> 'output_refs') AS result_item(key, value)
	                       WHERE jsonb_typeof((target_result -> 'output_refs') -> result_item.key) <> 'string'
	                          OR length(result_item.key) = 0
	                          OR length(result_item.key) > 64
	                          OR result_item.key !~ '^[a-z][a-z0-9_.:-]{0,63}$'
	                          OR result_item.key ~* '(api[_-]?key|authorization|bearer|credential|password|pem|prompt|private|provider[_-]?(response|result)|raw[_-]?content|response|secret|token)'
	                          OR (
	                              result_item.key NOT IN (
	                                  'attempt_id', 'byte_size', 'bytes', 'checksum', 'chunk_id',
	                                  'collection_id', 'document_id', 'etag', 'filename', 'hash',
	                                  'index_version', 'job_id', 'lease_id', 'mime_type', 'model_id',
	                                  'object_key', 'operation', 'page', 'provider_id', 'schema_version',
	                                  'section', 'size', 'source_key', 'stage', 'state', 'status',
	                                  'tenant_id', 'trace_id', 'uri', 'url', 'version', 'vector_id',
	                                  'workspace_id'
	                              )
	                              AND result_item.key !~ '(_id|_key|_ref|_version|_hash|_checksum|_uri|_url)$'
	                          )
	                          OR length(result_item.value) = 0
	                          OR length(result_item.value) > 512
	                          OR result_item.value !~ '^[A-Za-z0-9][A-Za-z0-9_.:/@?=&%+~,\-]*$'
	                          OR result_item.value ~* '(^|[^a-z0-9])(sk|pk|rk|ghp|glpat|xox[baprs])_[a-z0-9_-]*($|[^a-z0-9])'
	                          OR result_item.value ~* '(bearer|basic)[[:space:]]+[a-z0-9._~+/=-]{8,}'
	                          OR result_item.value ~* '(api[_-]?key|authorization|password|secret|token|private[_[:space:]-]?key)[[:space:]]*[:=]'
	                          OR result_item.value ~* '(raw[-_.[:space:]]?(document[-_.[:space:]]?)?(content|body|text))'
	                          OR result_item.value ~* '((full[-_.[:space:]]?)?document[-_.[:space:]]?(content|body|text))'
	                          OR result_item.value ~* '(provider[-_.[:space:]]?(response|result))'
	                          OR result_item.value ~* '-----begin[-_[:space:]]*(private|secret)?[-_[:space:]]*key-----'
	                   )
	               ) THEN
	                RAISE EXCEPTION 'legacy job % result references violate the bounded metadata contract', job_row.job_id;
	            END IF;
	        ELSIF job_row.status = 'cancelled' THEN
	            target_state := 'CANCELLED';
	            target_status := 'cancelled';
	        ELSIF job_row.status = 'dead' THEN
	            target_state := 'DEAD_LETTER';
	            target_status := 'dead';
	            observed_attempts := GREATEST(1, observed_attempts);
	            retryable_failure := FALSE;
	        ELSIF job_row.status IN ('leased', 'processing')
	              AND job_row.lease_owner IS NOT NULL
	              AND job_row.lease_until IS NOT NULL
	              AND job_row.lease_until > COALESCE(job_row.lease_acquired_at, job_row.created_at)
	              AND job_row.lease_until > clock_timestamp() THEN
	            target_state := 'RUNNING';
	            target_status := 'processing';
	            observed_attempts := GREATEST(1, observed_attempts);
	            lease_worker := COALESCE(
	                job_row.lease_worker_id,
	                split_part(job_row.lease_owner, ':', 1),
	                'legacy-migration'
	            );
	            lease_acquired := COALESCE(
	                job_row.lease_acquired_at,
	                job_row.created_at
	            );
	            lease_expires := job_row.lease_until;
	        ELSIF job_row.status IN ('failed', 'dead')
	              AND observed_attempts >= effective_max_attempts THEN
	            target_state := 'DEAD_LETTER';
	            target_status := 'dead';
	            observed_attempts := GREATEST(1, observed_attempts);
	            retryable_failure := FALSE;
	        ELSIF job_row.status IN ('queued', 'leased', 'processing')
	              AND observed_attempts >= effective_max_attempts
	              AND observed_attempts > 0 THEN
	            target_state := 'DEAD_LETTER';
	            target_status := 'dead';
	            retryable_failure := FALSE;
	        ELSIF job_row.status IN ('failed', 'leased', 'processing') THEN
	            -- Expired or failed legacy work is made claimable after a
	            -- synthetic finished attempt. The canonical queue will apply its
	            -- normal retry policy from this point onward.
	            target_state := 'QUEUED';
	            target_status := 'queued';
	            observed_attempts := GREATEST(1, observed_attempts);
	        END IF;
	
	        IF target_state = 'RUNNING' THEN
	            -- The active attempt is materialized below with a NULL finish.
	            NULL;
	        END IF;
	
	        FOR attempt_no IN 1..observed_attempts LOOP
	            attempt_started := job_row.created_at
	                + ((job_row.updated_at - job_row.created_at)
	                   * ((attempt_no - 1)::DOUBLE PRECISION / observed_attempts));
	            IF target_state = 'RUNNING' AND attempt_no = observed_attempts THEN
	                attempt_state := 'RUNNING';
	                attempt_finished := NULL;
	                attempt_failure := NULL;
	            ELSIF target_state = 'SUCCEEDED' AND attempt_no = observed_attempts THEN
	                attempt_state := 'SUCCEEDED';
	                attempt_finished := GREATEST(attempt_started, job_row.updated_at);
	                attempt_failure := NULL;
	            ELSIF target_state = 'CANCELLED' AND attempt_no = observed_attempts THEN
	                attempt_state := 'CANCELLED';
	                attempt_finished := GREATEST(attempt_started, job_row.updated_at);
	                attempt_failure := NULL;
	            ELSE
	                attempt_state := 'FAILED';
	                attempt_finished := GREATEST(
	                    attempt_started,
	                    job_row.created_at
	                        + ((job_row.updated_at - job_row.created_at)
	                           * (attempt_no::DOUBLE PRECISION / observed_attempts))
	                );
	                attempt_failure := jsonb_build_object(
	                    'code', CASE
	                        WHEN job_row.last_error_code IN (
	                            'provider_timeout', 'provider_unavailable',
	                            'storage_unavailable', 'lock_unavailable',
	                            'validation_error', 'ingestion_failed',
	                            'cancelled', 'recovery_required'
	                        ) THEN job_row.last_error_code
	                        ELSE 'legacy_failure'
	                    END,
	                    'message', CASE
	                        WHEN target_state = 'DEAD_LETTER'
	                            THEN 'legacy job exhausted its bounded retry history'
	                        WHEN attempt_no = observed_attempts AND retryable_failure
	                            THEN 'legacy job requires a bounded retry'
	                        ELSE 'legacy failure reconstructed during canonical migration'
	                    END,
	                    'retryable', retryable_failure,
	                    'attempt', attempt_no,
	                    'occurred_at', EXTRACT(EPOCH FROM attempt_finished)
	                );
	            END IF;
	
	            INSERT INTO rick_ingestion_job_attempts
	                (job_id, attempt_no, worker_id, state, started_at,
	                 finished_at, failure)
	            VALUES (
	                job_row.job_id,
	                attempt_no,
	                COALESCE(lease_worker, 'legacy-migration'),
	                attempt_state,
	                attempt_started,
	                attempt_finished,
	                attempt_failure
	            );
	        END LOOP;
	
	        IF target_state IN ('DEAD_LETTER', 'QUEUED') THEN
	            target_failure := CASE
	                WHEN target_state = 'DEAD_LETTER' THEN jsonb_build_object(
	                    'code', CASE
	                        WHEN job_row.last_error_code IN (
	                            'provider_timeout', 'provider_unavailable',
	                            'storage_unavailable', 'lock_unavailable',
	                            'validation_error', 'ingestion_failed',
	                            'cancelled', 'recovery_required'
	                        ) THEN job_row.last_error_code
	                        ELSE 'legacy_failure'
	                    END,
	                    'message', 'legacy job exhausted its bounded retry history',
	                    'retryable', FALSE,
	                    'attempt', observed_attempts,
	                    'occurred_at', EXTRACT(EPOCH FROM job_row.updated_at)
	                )
	                ELSE NULL
	            END;
	        END IF;
	
	        UPDATE rick_ingestion_jobs
	        SET contract_state = target_state,
	            contract_version = 'jobs-contract-v1',
	            document_id = canonical_document_id,
	            payload = target_payload,
	            max_attempts = effective_max_attempts,
	            attempts = observed_attempts,
	            status = target_status,
	            result = target_result,
	            failure = target_failure,
	            lease_worker_id = lease_worker,
	            lease_acquired_at = lease_acquired,
	            lease_until = lease_expires,
	            lease_owner = CASE WHEN target_state = 'RUNNING' THEN job_row.lease_owner ELSE NULL END,
	            updated_at = GREATEST(job_row.updated_at, job_row.created_at)
	        WHERE job_id = job_row.job_id;
	
	        -- Preserve the same durable projection contract used by canonical
	        -- mutations. The migration itself is observable and replay-safe: one
	        -- stable event id fans out to lifecycle, outbox, and audit records.
	        rewrite_event_id := format('job:%s:legacy-rewritten', job_row.job_id);
	        rewrite_metadata := jsonb_build_object(
	            'contract_version', 'jobs-contract-v1',
	            'migration', '0005_rewrite_legacy_jobs',
	            'legacy_status', job_row.status,
	            'state', target_state,
	            'attempt_count', observed_attempts,
	            'max_attempts', effective_max_attempts
	        );
	        INSERT INTO rick_ingestion_job_events
	            (event_id, job_id, tenant_id, workspace_id, collection_id,
	             event_type, from_state, to_state, version, metadata)
	        VALUES (
	            rewrite_event_id,
	            job_row.job_id,
	            job_row.tenant_id,
	            job_row.workspace_id,
	            job_row.collection_id,
	            'legacy_rewritten',
	            NULL,
	            target_state,
	            job_row.version,
	            rewrite_metadata
	        )
	        ON CONFLICT (event_id) DO NOTHING;
	        INSERT INTO rick_outbox
	            (event_id, tenant_id, aggregate_type, aggregate_id, event_type, payload)
	        VALUES (
	            rewrite_event_id,
	            job_row.tenant_id,
	            'job',
	            job_row.job_id,
	            'jobs.legacy_rewritten',
	            rewrite_metadata
	        )
	        ON CONFLICT (event_id) DO NOTHING;
	        INSERT INTO rick_audit_events
	            (event_id, tenant_id, actor_user_id, action, target_type,
	             target_id, workspace_id, metadata)
	        VALUES (
	            rewrite_event_id,
	            job_row.tenant_id,
	            NULL,
	            'jobs.legacy_rewritten',
	            'job',
	            job_row.job_id,
	            job_row.workspace_id,
	            rewrite_metadata
	        )
	        ON CONFLICT (event_id) DO NOTHING;
	    END LOOP;
	END $$;
	
	-- Every row is canonical after this point. A follow-up deployment must not
	-- reintroduce the legacy writer; the compatibility facade is read-only until
	-- all callers have moved to rick_jobs.
	DO $$
	BEGIN
	    IF EXISTS (SELECT 1 FROM rick_ingestion_jobs WHERE contract_state IS NULL) THEN
	        RAISE EXCEPTION 'Phase 2.3 legacy job rewrite left NULL contract rows';
	    END IF;
	END $$;
	
	-- The old facade remains importable for rollback/read compatibility, but it
	-- must not recreate a second writable authority after this migration.
	CREATE OR REPLACE FUNCTION rick_require_canonical_job_write()
	RETURNS trigger
	LANGUAGE plpgsql
	AS $$
	BEGIN
	    IF NEW.contract_state IS NULL THEN
	        RAISE EXCEPTION
	            'legacy job writes are disabled after Phase 2.3 canonical rewrite';
	    END IF;
	    RETURN NEW;
	END;
	$$;
	
	DROP TRIGGER IF EXISTS rick_require_canonical_job_write_trg ON rick_ingestion_jobs;
	CREATE TRIGGER rick_require_canonical_job_write_trg
	BEFORE INSERT OR UPDATE ON rick_ingestion_jobs
	FOR EACH ROW EXECUTE FUNCTION rick_require_canonical_job_write();
	
2026-09-25 14:53:48.647 UTC [55] LOG:  checkpoint starting: immediate force wait
2026-09-25 14:53:48.647 UTC [55] LOG:  checkpoint complete: wrote 5 buffers (0.1%); 0 WAL file(s) added, 0 removed, 1 recycled; write=0.001 s, sync=0.001 s, total=0.001 s; sync files=4, longest=0.001 s, average=0.001 s; distance=4933 kB, estimate=4958 kB; lsn=0/E457878, redo lsn=0/E457840
2026-09-25 14:53:49.198 UTC [2263] ERROR:  division by zero
2026-09-25 14:53:49.198 UTC [2263] STATEMENT:  -- Phase 2 lineage contract for durable document publication.
	-- Additive and roll-forward compatible: legacy object_key/document_version
	-- values remain readable while new knowledge writes persist explicit lineage.
	
	ALTER TABLE rick_documents
	    ADD COLUMN IF NOT EXISTS ingestion_version TEXT NOT NULL DEFAULT '',
	    ADD COLUMN IF NOT EXISTS object_ref TEXT NOT NULL DEFAULT '',
	    ADD COLUMN IF NOT EXISTS published_at TIMESTAMPTZ;
	
	-- The legacy content version and object key are deterministic compatibility
	-- aliases, not guesses about historical publication time.
	UPDATE rick_documents
	SET ingestion_version = COALESCE(NULLIF(ingestion_version, ''), document_version),
	    object_ref = COALESCE(NULLIF(object_ref, ''), NULLIF(object_key, ''),
	                          NULLIF(filename, ''), NULLIF(display_filename, ''), document_id)
	WHERE ingestion_version = '' OR object_ref = '';
	
	CREATE INDEX IF NOT EXISTS rick_documents_lineage_scope_idx
	    ON rick_documents
	       (tenant_id, workspace_id, collection_id, document_id,
	        document_version, ingestion_version);
	
	CREATE INDEX IF NOT EXISTS rick_documents_publication_scope_idx
	    ON rick_documents
	       (tenant_id, workspace_id, collection_id, status, published_at DESC, document_id);
	
	-- Existing created_at is the durable creation boundary. Publication history is
	-- intentionally NULL for legacy rows because the old schema did not record it.
	
	CREATE TABLE q24_failure_probe(id integer); SELECT 1/0;
	
2026-09-25 14:53:50.280 UTC [55] LOG:  checkpoint starting: immediate force wait
2026-09-25 14:53:50.288 UTC [55] LOG:  checkpoint complete: wrote 1046 buffers (25.5%); 0 WAL file(s) added, 0 removed, 0 recycled; write=0.008 s, sync=0.001 s, total=0.009 s; sync files=405, longest=0.001 s, average=0.001 s; distance=9920 kB, estimate=9920 kB; lsn=0/EE07AB0, redo lsn=0/EE07A78
2026-09-25 14:53:50.297 UTC [55] LOG:  checkpoint starting: immediate force wait
2026-09-25 14:53:50.297 UTC [55] LOG:  checkpoint complete: wrote 2 buffers (0.0%); 0 WAL file(s) added, 0 removed, 0 recycled; write=0.001 s, sync=0.001 s, total=0.001 s; sync files=2, longest=0.001 s, average=0.001 s; distance=1 kB, estimate=8928 kB; lsn=0/EE080C0, redo lsn=0/EE08088
2026-09-25 14:53:50.378 UTC [2367] ERROR:  insert or update on table "q24_child" violates foreign key constraint "q24_child_parent_id_fkey"
2026-09-25 14:53:50.378 UTC [2367] DETAIL:  Key (parent_id)=(1) is not present in table "q24_parent".
2026-09-25 14:53:50.378 UTC [2367] STATEMENT:  COMMIT
2026-09-25 14:53:50.438 UTC [55] LOG:  checkpoint starting: immediate force wait
2026-09-25 14:53:50.438 UTC [55] LOG:  checkpoint complete: wrote 4 buffers (0.1%); 0 WAL file(s) added, 0 removed, 1 recycled; write=0.001 s, sync=0.001 s, total=0.001 s; sync files=4, longest=0.001 s, average=0.001 s; distance=4351 kB, estimate=8470 kB; lsn=0/F247D48, redo lsn=0/F247D10
2026-09-25 14:53:50.635 UTC [55] LOG:  checkpoint starting: immediate force wait
2026-09-25 14:53:50.635 UTC [55] LOG:  checkpoint complete: wrote 5 buffers (0.1%); 0 WAL file(s) added, 0 removed, 0 recycled; write=0.001 s, sync=0.001 s, total=0.001 s; sync files=4, longest=0.001 s, average=0.001 s; distance=4949 kB, estimate=8118 kB; lsn=0/F71D1E0, redo lsn=0/F71D1A8
2026-09-25 14:53:51.186 UTC [55] LOG:  checkpoint starting: immediate force wait
2026-09-25 14:53:51.187 UTC [55] LOG:  checkpoint complete: wrote 5 buffers (0.1%); 0 WAL file(s) added, 0 removed, 0 recycled; write=0.001 s, sync=0.001 s, total=0.001 s; sync files=4, longest=0.001 s, average=0.001 s; distance=4925 kB, estimate=7799 kB; lsn=0/FBEC8B0, redo lsn=0/FBEC878
2026-09-25 14:53:51.588 UTC [55] LOG:  checkpoint starting: immediate force wait
2026-09-25 14:53:51.588 UTC [55] LOG:  checkpoint complete: wrote 5 buffers (0.1%); 0 WAL file(s) added, 0 removed, 1 recycled; write=0.001 s, sync=0.001 s, total=0.001 s; sync files=4, longest=0.001 s, average=0.001 s; distance=4948 kB, estimate=7514 kB; lsn=0/100C1BA0, redo lsn=0/100C1B68
2026-09-25 14:53:52.152 UTC [2456] FATAL:  terminating connection due to administrator command
2026-09-25 14:53:52.152 UTC [2456] STATEMENT:  -- Phase 2 lineage contract for durable document publication.
	-- Additive and roll-forward compatible: legacy object_key/document_version
	-- values remain readable while new knowledge writes persist explicit lineage.
	
	ALTER TABLE rick_documents
	    ADD COLUMN IF NOT EXISTS ingestion_version TEXT NOT NULL DEFAULT '',
	    ADD COLUMN IF NOT EXISTS object_ref TEXT NOT NULL DEFAULT '',
	    ADD COLUMN IF NOT EXISTS published_at TIMESTAMPTZ;
	
	-- The legacy content version and object key are deterministic compatibility
	-- aliases, not guesses about historical publication time.
	UPDATE rick_documents
	SET ingestion_version = COALESCE(NULLIF(ingestion_version, ''), document_version),
	    object_ref = COALESCE(NULLIF(object_ref, ''), NULLIF(object_key, ''),
	                          NULLIF(filename, ''), NULLIF(display_filename, ''), document_id)
	WHERE ingestion_version = '' OR object_ref = '';
	
	CREATE INDEX IF NOT EXISTS rick_documents_lineage_scope_idx
	    ON rick_documents
	       (tenant_id, workspace_id, collection_id, document_id,
	        document_version, ingestion_version);
	
	CREATE INDEX IF NOT EXISTS rick_documents_publication_scope_idx
	    ON rick_documents
	       (tenant_id, workspace_id, collection_id, status, published_at DESC, document_id);
	
	-- Existing created_at is the durable creation boundary. Publication history is
	-- intentionally NULL for legacy rows because the old schema did not record it.
	
	SELECT pg_sleep(30);
	
2026-09-25 14:53:52.426 UTC [55] LOG:  checkpoint starting: immediate force wait
2026-09-25 14:53:52.427 UTC [55] LOG:  checkpoint complete: wrote 49 buffers (1.2%); 0 WAL file(s) added, 0 removed, 0 recycled; write=0.001 s, sync=0.001 s, total=0.001 s; sync files=15, longest=0.001 s, average=0.000 s; distance=5235 kB, estimate=7286 kB; lsn=0/105DE948, redo lsn=0/105DE910
2026-09-25 14:53:53.084 UTC [2537] ERROR:  new row for relation "rick_ingestion_jobs" violates check constraint "rick_ingestion_jobs_operation_v2_ck"
2026-09-25 14:53:53.084 UTC [2537] DETAIL:  Failing row contains (legacy, legacy, tenant, workspace, collection, document, queued, 1, 2026-01-01 00:00:00+00, null, null, null, 2026-01-01 00:00:00+00, 2026-01-01 00:01:00+00, {"byte_size": "12", "source_key": "objects/synthetic", "filename..., QUEUED, contains space, jobs-contract-v1, 3, 1, null, null, null, null).
2026-09-25 14:53:53.084 UTC [2537] STATEMENT:  UPDATE rick_ingestion_jobs SET operation='contains space'
2026-09-25 14:53:53.279 UTC [55] LOG:  checkpoint starting: immediate force wait
2026-09-25 14:53:53.279 UTC [55] LOG:  checkpoint complete: wrote 5 buffers (0.1%); 0 WAL file(s) added, 0 removed, 0 recycled; write=0.001 s, sync=0.001 s, total=0.001 s; sync files=4, longest=0.001 s, average=0.001 s; distance=5019 kB, estimate=7059 kB; lsn=0/10AC5580, redo lsn=0/10AC5548
2026-09-25 14:53:54.023 UTC [2616] ERROR:  new row for relation "rick_ingestion_jobs" violates check constraint "rick_ingestion_jobs_operation_v2_ck"
2026-09-25 14:53:54.023 UTC [2616] DETAIL:  Failing row contains (canonical, canonical, tenant, workspace, collection, document, queued, 0, 2026-01-01 00:00:00+00, 2026-01-01 00:00:30+00, null, null, 2026-01-01 00:00:00+00, 2026-01-01 00:01:00+00, {}, QUEUED, contains space, jobs-contract-v1, 3, 1, null, null, null, null).
2026-09-25 14:53:54.023 UTC [2616] STATEMENT:  UPDATE rick_ingestion_jobs SET operation='contains space'
2026-09-25 14:53:54.246 UTC [55] LOG:  checkpoint starting: immediate force wait
2026-09-25 14:53:54.247 UTC [55] LOG:  checkpoint complete: wrote 5 buffers (0.1%); 0 WAL file(s) added, 0 removed, 0 recycled; write=0.001 s, sync=0.001 s, total=0.001 s; sync files=4, longest=0.001 s, average=0.001 s; distance=5015 kB, estimate=6855 kB; lsn=0/10FAB370, redo lsn=0/10FAB338
2026-09-25 14:53:54.893 UTC [2695] ERROR:  new row for relation "rick_ingestion_jobs" violates check constraint "rick_ingestion_jobs_operation_v2_ck"
2026-09-25 14:53:54.893 UTC [2695] DETAIL:  Failing row contains (canonical, canonical, tenant, workspace, collection, document, queued, 0, 2026-01-01 00:00:00+00, 2026-01-01 00:00:30+00, null, null, 2026-01-01 00:00:00+00, 2026-01-01 00:01:00+00, {}, QUEUED, contains space, jobs-contract-v1, 3, 1, null, null, null, null).
2026-09-25 14:53:54.893 UTC [2695] STATEMENT:  UPDATE rick_ingestion_jobs SET operation='contains space'
2026-09-25 14:53:55.086 UTC [55] LOG:  checkpoint starting: immediate force wait
2026-09-25 14:53:55.087 UTC [55] LOG:  checkpoint complete: wrote 5 buffers (0.1%); 0 WAL file(s) added, 0 removed, 1 recycled; write=0.001 s, sync=0.001 s, total=0.001 s; sync files=4, longest=0.001 s, average=0.001 s; distance=5015 kB, estimate=6671 kB; lsn=0/11491258, redo lsn=0/11491220
2026-09-25 14:53:55.755 UTC [2774] ERROR:  new row for relation "rick_ingestion_jobs" violates check constraint "rick_ingestion_jobs_operation_v2_ck"
2026-09-25 14:53:55.755 UTC [2774] DETAIL:  Failing row contains (canonical, canonical, tenant, workspace, collection, document, queued, 0, 2026-01-01 00:00:00+00, 2026-01-01 00:00:30+00, null, null, 2026-01-01 00:00:00+00, 2026-01-01 00:01:00+00, {}, QUEUED, contains space, jobs-contract-v1, 3, 1, null, null, null, null).
2026-09-25 14:53:55.755 UTC [2774] STATEMENT:  UPDATE rick_ingestion_jobs SET operation='contains space'
2026-09-25 14:53:55.955 UTC [55] LOG:  checkpoint starting: immediate force wait
2026-09-25 14:53:55.955 UTC [55] LOG:  checkpoint complete: wrote 5 buffers (0.1%); 0 WAL file(s) added, 0 removed, 0 recycled; write=0.001 s, sync=0.001 s, total=0.001 s; sync files=4, longest=0.001 s, average=0.001 s; distance=5016 kB, estimate=6505 kB; lsn=0/119772B8, redo lsn=0/11977280
2026-09-25 14:53:56.329 UTC [2824] ERROR:  check constraint "rick_ingestion_jobs_operation_v2_ck" of relation "rick_ingestion_jobs" is violated by some row
2026-09-25 14:53:56.329 UTC [2824] STATEMENT:  -- Q24-07: additive repair for the exact 0004 bytes introduced in a42a1eb.
	-- The original length-only constraint and recorded migration checksum remain.
	-- Executed and recorded by migrate.py in the same transaction as pending SQL.
	ALTER TABLE rick_ingestion_jobs
	    ADD CONSTRAINT rick_ingestion_jobs_operation_v2_ck
	    CHECK (operation ~ '^[A-Za-z0-9][A-Za-z0-9_.:-]{0,63}$');
	
2026-09-25 14:53:56.539 UTC [55] LOG:  checkpoint starting: immediate force wait
2026-09-25 14:53:56.540 UTC [55] LOG:  checkpoint complete: wrote 5 buffers (0.1%); 0 WAL file(s) added, 0 removed, 0 recycled; write=0.001 s, sync=0.001 s, total=0.001 s; sync files=4, longest=0.001 s, average=0.001 s; distance=4987 kB, estimate=6353 kB; lsn=0/11E55FE0, redo lsn=0/11E55FA8
2026-09-25 14:53:56.949 UTC [2874] ERROR:  check constraint "rick_ingestion_jobs_operation_v2_ck" of relation "rick_ingestion_jobs" is violated by some row
2026-09-25 14:53:56.949 UTC [2874] STATEMENT:  -- Q24-07: additive repair for the exact 0004 bytes introduced in a42a1eb.
	-- The original length-only constraint and recorded migration checksum remain.
	-- Executed and recorded by migrate.py in the same transaction as pending SQL.
	ALTER TABLE rick_ingestion_jobs
	    ADD CONSTRAINT rick_ingestion_jobs_operation_v2_ck
	    CHECK (operation ~ '^[A-Za-z0-9][A-Za-z0-9_.:-]{0,63}$');
	
2026-09-25 14:53:57.167 UTC [55] LOG:  checkpoint starting: immediate force wait
2026-09-25 14:53:57.168 UTC [55] LOG:  checkpoint complete: wrote 5 buffers (0.1%); 0 WAL file(s) added, 0 removed, 1 recycled; write=0.001 s, sync=0.001 s, total=0.001 s; sync files=4, longest=0.001 s, average=0.001 s; distance=4987 kB, estimate=6217 kB; lsn=0/12334E08, redo lsn=0/12334DD0
2026-09-25 14:53:57.571 UTC [2923] ERROR:  legacy job invalid-payload payload violates the bounded jobs contract
2026-09-25 14:53:57.571 UTC [2923] CONTEXT:  PL/pgSQL function inline_code_block line 172 at RAISE
2026-09-25 14:53:57.571 UTC [2923] STATEMENT:  -- Phase 2.3: move the last legacy job rows into the canonical contract.
	--
	-- Migration 0004 deliberately left pre-existing rows in a NULL
	-- contract_state lane. This migration is the one-time, replayable caller
	-- switch: it creates a bounded attempt history before exposing each row to
	-- canonical claims. It fails closed for unknown states, impossible attempt
	-- counts, or an already populated canonical attempt table.
	
	DO $$
	DECLARE
	    job_row RECORD;
	    observed_attempts INTEGER;
	    effective_max_attempts INTEGER;
	    attempt_no INTEGER;
	    attempt_started TIMESTAMPTZ;
	    attempt_finished TIMESTAMPTZ;
	    attempt_state TEXT;
	    attempt_failure JSONB;
	    target_state TEXT;
	    target_status TEXT;
	    target_payload JSONB;
	    target_result JSONB;
	    target_failure JSONB;
	    lease_worker TEXT;
	    lease_acquired TIMESTAMPTZ;
	    lease_expires TIMESTAMPTZ;
	    retryable_failure BOOLEAN;
	    canonical_document_id TEXT;
	    rewrite_event_id TEXT;
	    rewrite_metadata JSONB;
	BEGIN
	    -- Legacy writers take the same transaction advisory lock before their
	    -- enqueue. This closes the scan-to-trigger window during the caller switch.
	    PERFORM pg_advisory_xact_lock(hashtext('rick-intelligence:jobs-canonical-rewrite'));
	
	    IF EXISTS (
	        SELECT 1
	        FROM rick_ingestion_jobs j
	        JOIN rick_ingestion_job_attempts a ON a.job_id = j.job_id
	        WHERE j.contract_state IS NULL
	    ) THEN
	        RAISE EXCEPTION
	            'legacy jobs already have attempt rows; reconcile before Phase 2.3 rewrite';
	    END IF;
	
	    IF EXISTS (
	        SELECT 1
	        FROM rick_ingestion_jobs
	        WHERE contract_state IS NULL
	          AND status NOT IN ('queued', 'leased', 'processing', 'published',
	                             'acked', 'failed', 'dead', 'cancelled')
	    ) THEN
	        RAISE EXCEPTION 'legacy jobs contain an unknown status';
	    END IF;
	
	    IF EXISTS (
	        SELECT 1
	        FROM rick_ingestion_jobs
	        WHERE contract_state IS NULL
	          AND (attempts < 0 OR attempts > 64)
	    ) THEN
	        RAISE EXCEPTION 'legacy jobs contain an attempt count outside 0..64';
	    END IF;
	
	    IF EXISTS (
	        SELECT 1
	        FROM rick_ingestion_jobs
	        WHERE contract_state IS NULL
	          AND (updated_at < created_at OR available_at < created_at)
	    ) THEN
	        RAISE EXCEPTION 'legacy jobs contain timestamps outside the canonical lifetime';
	    END IF;
	
	    IF EXISTS (
	        SELECT 1
	        FROM rick_ingestion_jobs
	        WHERE contract_state IS NULL
	          AND (
	              job_id !~ '^[A-Za-z0-9][A-Za-z0-9_.:-]{0,127}$'
	              OR tenant_id !~ '^[A-Za-z0-9][A-Za-z0-9_.:-]{0,127}$'
	              OR workspace_id !~ '^[A-Za-z0-9][A-Za-z0-9_.:-]{0,127}$'
	              OR collection_id !~ '^[A-Za-z0-9][A-Za-z0-9_.:-]{0,127}$'
	              OR idempotency_key !~ '^[A-Za-z0-9][A-Za-z0-9_.:-]{0,127}$'
	          )
	    ) THEN
	        RAISE EXCEPTION 'legacy jobs contain an identifier or scope outside the canonical contract';
	    END IF;
	
	    IF EXISTS (
	        SELECT 1
	        FROM rick_ingestion_jobs
	        WHERE contract_state IS NULL
	          AND (
	              operation IS NULL
	              OR length(operation) = 0
	              OR length(operation) > 64
	              OR operation ~ '[[:cntrl:]]'
	              OR operation !~ '^[A-Za-z0-9][A-Za-z0-9_.:-]{0,63}$'
	          )
	    ) THEN
	        RAISE EXCEPTION 'legacy jobs contain an operation outside the canonical contract';
	    END IF;
	
	    FOR job_row IN
	        SELECT *
	        FROM rick_ingestion_jobs
	        WHERE contract_state IS NULL
	        ORDER BY created_at, job_id
	        FOR UPDATE
	    LOOP
	        effective_max_attempts := GREATEST(1, COALESCE(job_row.max_attempts, 3));
	        observed_attempts := GREATEST(0, COALESCE(job_row.attempts, 0));
	        IF observed_attempts > effective_max_attempts THEN
	            effective_max_attempts := observed_attempts;
	        END IF;
	
	        target_state := 'QUEUED';
	        target_status := 'queued';
	        target_payload := COALESCE(job_row.payload, '{}'::jsonb);
	        target_result := NULL;
	        target_failure := NULL;
	        canonical_document_id := NULLIF(job_row.document_id, '');
	        lease_worker := NULL;
	        lease_acquired := NULL;
	        lease_expires := NULL;
	        retryable_failure := TRUE;
	
	        IF jsonb_typeof(target_payload) <> 'object' THEN
	            RAISE EXCEPTION 'legacy job % payload is not a JSON object', job_row.job_id;
	        END IF;
	        IF target_payload ? 'display_filename' THEN
	            IF target_payload ? 'filename_ref' THEN
	                RAISE EXCEPTION 'legacy job % has conflicting filename references', job_row.job_id;
	            END IF;
	            IF jsonb_typeof(target_payload -> 'display_filename') <> 'string' THEN
	                RAISE EXCEPTION 'legacy job % display filename is not text', job_row.job_id;
	            END IF;
	            target_payload := (target_payload - 'display_filename') || jsonb_build_object(
	                'filename_ref', replace(
	                    replace(encode(convert_to(target_payload ->> 'display_filename', 'UTF8'), 'base64'), E'\n', ''),
	                    E'\r', ''
	                )
	            );
	        END IF;
	        IF target_payload ->> 'document_id' = '' THEN
	            target_payload := target_payload - 'document_id';
	        END IF;
	        IF (SELECT count(*) FROM jsonb_object_keys(target_payload)) > 32
	           OR EXISTS (
	               SELECT 1
	               FROM jsonb_each_text(target_payload) AS payload_item(key, value)
	               WHERE jsonb_typeof(target_payload -> payload_item.key) <> 'string'
	                  OR length(payload_item.key) = 0
	                  OR length(payload_item.key) > 64
	                  OR payload_item.key !~ '^[a-z][a-z0-9_.:-]{0,63}$'
	                  OR payload_item.key ~* '(api[_-]?key|authorization|bearer|credential|password|pem|prompt|private|provider[_-]?(response|result)|raw[_-]?content|response|secret|token)'
	                  OR (
	                      payload_item.key NOT IN (
	                          'attempt_id', 'byte_size', 'bytes', 'checksum', 'chunk_id',
	                          'collection_id', 'document_id', 'etag', 'filename', 'hash',
	                          'index_version', 'job_id', 'lease_id', 'mime_type', 'model_id',
	                          'object_key', 'operation', 'page', 'provider_id', 'schema_version',
	                          'section', 'size', 'source_key', 'stage', 'state', 'status',
	                          'tenant_id', 'trace_id', 'uri', 'url', 'version', 'vector_id',
	                          'workspace_id'
	                      )
	                      AND payload_item.key !~ '(_id|_key|_ref|_version|_hash|_checksum|_uri|_url)$'
	                  )
	                  OR length(payload_item.value) = 0
	                  OR length(payload_item.value) > 512
	                  OR payload_item.value !~ '^[A-Za-z0-9][A-Za-z0-9_.:/@?=&%+~,\-]*$'
	                  OR payload_item.value ~* '(^|[^a-z0-9])(sk|pk|rk|ghp|glpat|xox[baprs])_[a-z0-9_-]*($|[^a-z0-9])'
	                  OR payload_item.value ~* '(bearer|basic)[[:space:]]+[a-z0-9._~+/=-]{8,}'
	                  OR payload_item.value ~* '(api[_-]?key|authorization|password|secret|token|private[_[:space:]-]?key)[[:space:]]*[:=]'
	                  OR payload_item.value ~* '(raw[-_.[:space:]]?(document[-_.[:space:]]?)?(content|body|text))'
	                  OR payload_item.value ~* '((full[-_.[:space:]]?)?document[-_.[:space:]]?(content|body|text))'
	                  OR payload_item.value ~* '(provider[-_.[:space:]]?(response|result))'
	                  OR payload_item.value ~* '-----begin[-_[:space:]]*(private|secret)?[-_[:space:]]*key-----'
	           ) THEN
	            RAISE EXCEPTION 'legacy job % payload violates the bounded jobs contract', job_row.job_id;
	        END IF;
	
	        IF job_row.status IN ('published', 'acked') THEN
	            target_state := 'SUCCEEDED';
	            target_status := 'published';
	            observed_attempts := GREATEST(1, observed_attempts);
	            target_result := COALESCE(
	                job_row.result,
	                jsonb_build_object(
	                    'output_refs', '{}'::jsonb,
	                    'document_id', NULLIF(job_row.document_id, ''),
	                    'completed_at', EXTRACT(EPOCH FROM job_row.updated_at)
	                )
	            );
	            IF jsonb_typeof(target_result) <> 'object'
	               OR (target_result ? 'output_refs'
	                   AND jsonb_typeof(target_result -> 'output_refs') <> 'object')
	               OR NOT (target_result ? 'completed_at')
	               OR jsonb_typeof(target_result -> 'completed_at') <> 'number'
	               OR (target_result ->> 'completed_at')::DOUBLE PRECISION
	                    < EXTRACT(EPOCH FROM job_row.created_at)
	               OR (target_result ->> 'completed_at')::DOUBLE PRECISION
	                    > EXTRACT(EPOCH FROM job_row.updated_at) THEN
	                RAISE EXCEPTION 'legacy job % result violates the completed result contract', job_row.job_id;
	            END IF;
	            IF target_result ? 'document_id' THEN
	                IF jsonb_typeof(target_result -> 'document_id') NOT IN ('string', 'null')
	                   OR (jsonb_typeof(target_result -> 'document_id') = 'string'
	                       AND target_result ->> 'document_id' <> ''
	                       AND target_result ->> 'document_id'
	                           !~ '^[A-Za-z0-9][A-Za-z0-9_.:-]{0,127}$') THEN
	                    RAISE EXCEPTION 'legacy job % result document reference is invalid', job_row.job_id;
	                END IF;
	                IF jsonb_typeof(target_result -> 'document_id') = 'null'
	                   OR target_result ->> 'document_id' = '' THEN
	                    target_result := target_result - 'document_id';
	                ELSE
	                    IF canonical_document_id IS NOT NULL
	                       AND canonical_document_id <> (target_result ->> 'document_id') THEN
	                        RAISE EXCEPTION 'legacy job % result document reference conflicts with the job document', job_row.job_id;
	                    END IF;
	                    canonical_document_id := target_result ->> 'document_id';
	                END IF;
	            END IF;
	            IF target_result ? 'output_refs'
	               AND (
	                   (SELECT count(*) FROM jsonb_object_keys(target_result -> 'output_refs')) > 32
	                   OR EXISTS (
	                       SELECT 1
	                       FROM jsonb_each_text(target_result -> 'output_refs') AS result_item(key, value)
	                       WHERE jsonb_typeof((target_result -> 'output_refs') -> result_item.key) <> 'string'
	                          OR length(result_item.key) = 0
	                          OR length(result_item.key) > 64
	                          OR result_item.key !~ '^[a-z][a-z0-9_.:-]{0,63}$'
	                          OR result_item.key ~* '(api[_-]?key|authorization|bearer|credential|password|pem|prompt|private|provider[_-]?(response|result)|raw[_-]?content|response|secret|token)'
	                          OR (
	                              result_item.key NOT IN (
	                                  'attempt_id', 'byte_size', 'bytes', 'checksum', 'chunk_id',
	                                  'collection_id', 'document_id', 'etag', 'filename', 'hash',
	                                  'index_version', 'job_id', 'lease_id', 'mime_type', 'model_id',
	                                  'object_key', 'operation', 'page', 'provider_id', 'schema_version',
	                                  'section', 'size', 'source_key', 'stage', 'state', 'status',
	                                  'tenant_id', 'trace_id', 'uri', 'url', 'version', 'vector_id',
	                                  'workspace_id'
	                              )
	                              AND result_item.key !~ '(_id|_key|_ref|_version|_hash|_checksum|_uri|_url)$'
	                          )
	                          OR length(result_item.value) = 0
	                          OR length(result_item.value) > 512
	                          OR result_item.value !~ '^[A-Za-z0-9][A-Za-z0-9_.:/@?=&%+~,\-]*$'
	                          OR result_item.value ~* '(^|[^a-z0-9])(sk|pk|rk|ghp|glpat|xox[baprs])_[a-z0-9_-]*($|[^a-z0-9])'
	                          OR result_item.value ~* '(bearer|basic)[[:space:]]+[a-z0-9._~+/=-]{8,}'
	                          OR result_item.value ~* '(api[_-]?key|authorization|password|secret|token|private[_[:space:]-]?key)[[:space:]]*[:=]'
	                          OR result_item.value ~* '(raw[-_.[:space:]]?(document[-_.[:space:]]?)?(content|body|text))'
	                          OR result_item.value ~* '((full[-_.[:space:]]?)?document[-_.[:space:]]?(content|body|text))'
	                          OR result_item.value ~* '(provider[-_.[:space:]]?(response|result))'
	                          OR result_item.value ~* '-----begin[-_[:space:]]*(private|secret)?[-_[:space:]]*key-----'
	                   )
	               ) THEN
	                RAISE EXCEPTION 'legacy job % result references violate the bounded metadata contract', job_row.job_id;
	            END IF;
	        ELSIF job_row.status = 'cancelled' THEN
	            target_state := 'CANCELLED';
	            target_status := 'cancelled';
	        ELSIF job_row.status = 'dead' THEN
	            target_state := 'DEAD_LETTER';
	            target_status := 'dead';
	            observed_attempts := GREATEST(1, observed_attempts);
	            retryable_failure := FALSE;
	        ELSIF job_row.status IN ('leased', 'processing')
	              AND job_row.lease_owner IS NOT NULL
	              AND job_row.lease_until IS NOT NULL
	              AND job_row.lease_until > COALESCE(job_row.lease_acquired_at, job_row.created_at)
	              AND job_row.lease_until > clock_timestamp() THEN
	            target_state := 'RUNNING';
	            target_status := 'processing';
	            observed_attempts := GREATEST(1, observed_attempts);
	            lease_worker := COALESCE(
	                job_row.lease_worker_id,
	                split_part(job_row.lease_owner, ':', 1),
	                'legacy-migration'
	            );
	            lease_acquired := COALESCE(
	                job_row.lease_acquired_at,
	                job_row.created_at
	            );
	            lease_expires := job_row.lease_until;
	        ELSIF job_row.status IN ('failed', 'dead')
	              AND observed_attempts >= effective_max_attempts THEN
	            target_state := 'DEAD_LETTER';
	            target_status := 'dead';
	            observed_attempts := GREATEST(1, observed_attempts);
	            retryable_failure := FALSE;
	        ELSIF job_row.status IN ('queued', 'leased', 'processing')
	              AND observed_attempts >= effective_max_attempts
	              AND observed_attempts > 0 THEN
	            target_state := 'DEAD_LETTER';
	            target_status := 'dead';
	            retryable_failure := FALSE;
	        ELSIF job_row.status IN ('failed', 'leased', 'processing') THEN
	            -- Expired or failed legacy work is made claimable after a
	            -- synthetic finished attempt. The canonical queue will apply its
	            -- normal retry policy from this point onward.
	            target_state := 'QUEUED';
	            target_status := 'queued';
	            observed_attempts := GREATEST(1, observed_attempts);
	        END IF;
	
	        IF target_state = 'RUNNING' THEN
	            -- The active attempt is materialized below with a NULL finish.
	            NULL;
	        END IF;
	
	        FOR attempt_no IN 1..observed_attempts LOOP
	            attempt_started := job_row.created_at
	                + ((job_row.updated_at - job_row.created_at)
	                   * ((attempt_no - 1)::DOUBLE PRECISION / observed_attempts));
	            IF target_state = 'RUNNING' AND attempt_no = observed_attempts THEN
	                attempt_state := 'RUNNING';
	                attempt_finished := NULL;
	                attempt_failure := NULL;
	            ELSIF target_state = 'SUCCEEDED' AND attempt_no = observed_attempts THEN
	                attempt_state := 'SUCCEEDED';
	                attempt_finished := GREATEST(attempt_started, job_row.updated_at);
	                attempt_failure := NULL;
	            ELSIF target_state = 'CANCELLED' AND attempt_no = observed_attempts THEN
	                attempt_state := 'CANCELLED';
	                attempt_finished := GREATEST(attempt_started, job_row.updated_at);
	                attempt_failure := NULL;
	            ELSE
	                attempt_state := 'FAILED';
	                attempt_finished := GREATEST(
	                    attempt_started,
	                    job_row.created_at
	                        + ((job_row.updated_at - job_row.created_at)
	                           * (attempt_no::DOUBLE PRECISION / observed_attempts))
	                );
	                attempt_failure := jsonb_build_object(
	                    'code', CASE
	                        WHEN job_row.last_error_code IN (
	                            'provider_timeout', 'provider_unavailable',
	                            'storage_unavailable', 'lock_unavailable',
	                            'validation_error', 'ingestion_failed',
	                            'cancelled', 'recovery_required'
	                        ) THEN job_row.last_error_code
	                        ELSE 'legacy_failure'
	                    END,
	                    'message', CASE
	                        WHEN target_state = 'DEAD_LETTER'
	                            THEN 'legacy job exhausted its bounded retry history'
	                        WHEN attempt_no = observed_attempts AND retryable_failure
	                            THEN 'legacy job requires a bounded retry'
	                        ELSE 'legacy failure reconstructed during canonical migration'
	                    END,
	                    'retryable', retryable_failure,
	                    'attempt', attempt_no,
	                    'occurred_at', EXTRACT(EPOCH FROM attempt_finished)
	                );
	            END IF;
	
	            INSERT INTO rick_ingestion_job_attempts
	                (job_id, attempt_no, worker_id, state, started_at,
	                 finished_at, failure)
	            VALUES (
	                job_row.job_id,
	                attempt_no,
	                COALESCE(lease_worker, 'legacy-migration'),
	                attempt_state,
	                attempt_started,
	                attempt_finished,
	                attempt_failure
	            );
	        END LOOP;
	
	        IF target_state IN ('DEAD_LETTER', 'QUEUED') THEN
	            target_failure := CASE
	                WHEN target_state = 'DEAD_LETTER' THEN jsonb_build_object(
	                    'code', CASE
	                        WHEN job_row.last_error_code IN (
	                            'provider_timeout', 'provider_unavailable',
	                            'storage_unavailable', 'lock_unavailable',
	                            'validation_error', 'ingestion_failed',
	                            'cancelled', 'recovery_required'
	                        ) THEN job_row.last_error_code
	                        ELSE 'legacy_failure'
	                    END,
	                    'message', 'legacy job exhausted its bounded retry history',
	                    'retryable', FALSE,
	                    'attempt', observed_attempts,
	                    'occurred_at', EXTRACT(EPOCH FROM job_row.updated_at)
	                )
	                ELSE NULL
	            END;
	        END IF;
	
	        UPDATE rick_ingestion_jobs
	        SET contract_state = target_state,
	            contract_version = 'jobs-contract-v1',
	            document_id = canonical_document_id,
	            payload = target_payload,
	            max_attempts = effective_max_attempts,
	            attempts = observed_attempts,
	            status = target_status,
	            result = target_result,
	            failure = target_failure,
	            lease_worker_id = lease_worker,
	            lease_acquired_at = lease_acquired,
	            lease_until = lease_expires,
	            lease_owner = CASE WHEN target_state = 'RUNNING' THEN job_row.lease_owner ELSE NULL END,
	            updated_at = GREATEST(job_row.updated_at, job_row.created_at)
	        WHERE job_id = job_row.job_id;
	
	        -- Preserve the same durable projection contract used by canonical
	        -- mutations. The migration itself is observable and replay-safe: one
	        -- stable event id fans out to lifecycle, outbox, and audit records.
	        rewrite_event_id := format('job:%s:legacy-rewritten', job_row.job_id);
	        rewrite_metadata := jsonb_build_object(
	            'contract_version', 'jobs-contract-v1',
	            'migration', '0005_rewrite_legacy_jobs',
	            'legacy_status', job_row.status,
	            'state', target_state,
	            'attempt_count', observed_attempts,
	            'max_attempts', effective_max_attempts
	        );
	        INSERT INTO rick_ingestion_job_events
	            (event_id, job_id, tenant_id, workspace_id, collection_id,
	             event_type, from_state, to_state, version, metadata)
	        VALUES (
	            rewrite_event_id,
	            job_row.job_id,
	            job_row.tenant_id,
	            job_row.workspace_id,
	            job_row.collection_id,
	            'legacy_rewritten',
	            NULL,
	            target_state,
	            job_row.version,
	            rewrite_metadata
	        )
	        ON CONFLICT (event_id) DO NOTHING;
	        INSERT INTO rick_outbox
	            (event_id, tenant_id, aggregate_type, aggregate_id, event_type, payload)
	        VALUES (
	            rewrite_event_id,
	            job_row.tenant_id,
	            'job',
	            job_row.job_id,
	            'jobs.legacy_rewritten',
	            rewrite_metadata
	        )
	        ON CONFLICT (event_id) DO NOTHING;
	        INSERT INTO rick_audit_events
	            (event_id, tenant_id, actor_user_id, action, target_type,
	             target_id, workspace_id, metadata)
	        VALUES (
	            rewrite_event_id,
	            job_row.tenant_id,
	            NULL,
	            'jobs.legacy_rewritten',
	            'job',
	            job_row.job_id,
	            job_row.workspace_id,
	            rewrite_metadata
	        )
	        ON CONFLICT (event_id) DO NOTHING;
	    END LOOP;
	END $$;
	
	-- Every row is canonical after this point. A follow-up deployment must not
	-- reintroduce the legacy writer; the compatibility facade is read-only until
	-- all callers have moved to rick_jobs.
	DO $$
	BEGIN
	    IF EXISTS (SELECT 1 FROM rick_ingestion_jobs WHERE contract_state IS NULL) THEN
	        RAISE EXCEPTION 'Phase 2.3 legacy job rewrite left NULL contract rows';
	    END IF;
	END $$;
	
	-- The old facade remains importable for rollback/read compatibility, but it
	-- must not recreate a second writable authority after this migration.
	CREATE OR REPLACE FUNCTION rick_require_canonical_job_write()
	RETURNS trigger
	LANGUAGE plpgsql
	AS $$
	BEGIN
	    IF NEW.contract_state IS NULL THEN
	        RAISE EXCEPTION
	            'legacy job writes are disabled after Phase 2.3 canonical rewrite';
	    END IF;
	    RETURN NEW;
	END;
	$$;
	
	DROP TRIGGER IF EXISTS rick_require_canonical_job_write_trg ON rick_ingestion_jobs;
	CREATE TRIGGER rick_require_canonical_job_write_trg
	BEFORE INSERT OR UPDATE ON rick_ingestion_jobs
	FOR EACH ROW EXECUTE FUNCTION rick_require_canonical_job_write();
	
2026-09-25 14:53:57.823 UTC [55] LOG:  checkpoint starting: immediate force wait
2026-09-25 14:53:57.823 UTC [55] LOG:  checkpoint complete: wrote 5 buffers (0.1%); 0 WAL file(s) added, 0 removed, 0 recycled; write=0.001 s, sync=0.001 s, total=0.001 s; sync files=4, longest=0.001 s, average=0.001 s; distance=5040 kB, estimate=6099 kB; lsn=0/12821000, redo lsn=0/12820FC8
2026-09-25 14:53:58.419 UTC [55] LOG:  checkpoint starting: immediate force wait
2026-09-25 14:53:58.419 UTC [55] LOG:  checkpoint complete: wrote 5 buffers (0.1%); 0 WAL file(s) added, 0 removed, 0 recycled; write=0.001 s, sync=0.001 s, total=0.001 s; sync files=4, longest=0.001 s, average=0.001 s; distance=5011 kB, estimate=5990 kB; lsn=0/12D05DB0, redo lsn=0/12D05D78
2026-09-25 14:53:58.988 UTC [55] LOG:  checkpoint starting: immediate force wait
2026-09-25 14:53:58.989 UTC [55] LOG:  checkpoint complete: wrote 5 buffers (0.1%); 0 WAL file(s) added, 0 removed, 1 recycled; write=0.001 s, sync=0.001 s, total=0.001 s; sync files=4, longest=0.001 s, average=0.001 s; distance=5011 kB, estimate=5892 kB; lsn=0/131EAD10, redo lsn=0/131EACD8
2026-09-25 14:53:59.584 UTC [55] LOG:  checkpoint starting: immediate force wait
2026-09-25 14:53:59.584 UTC [55] LOG:  checkpoint complete: wrote 5 buffers (0.1%); 0 WAL file(s) added, 0 removed, 0 recycled; write=0.001 s, sync=0.001 s, total=0.001 s; sync files=4, longest=0.001 s, average=0.001 s; distance=5012 kB, estimate=5804 kB; lsn=0/136CFD80, redo lsn=0/136CFD48
2026-09-25 14:54:00.257 UTC [55] LOG:  checkpoint starting: immediate force wait
2026-09-25 14:54:00.258 UTC [55] LOG:  checkpoint complete: wrote 5 buffers (0.1%); 0 WAL file(s) added, 0 removed, 0 recycled; write=0.001 s, sync=0.001 s, total=0.001 s; sync files=4, longest=0.001 s, average=0.001 s; distance=5014 kB, estimate=5725 kB; lsn=0/13BB5640, redo lsn=0/13BB5608
2026-09-25 14:54:00.854 UTC [55] LOG:  checkpoint starting: immediate force wait
2026-09-25 14:54:00.854 UTC [55] LOG:  checkpoint complete: wrote 5 buffers (0.1%); 0 WAL file(s) added, 0 removed, 1 recycled; write=0.001 s, sync=0.001 s, total=0.001 s; sync files=4, longest=0.001 s, average=0.001 s; distance=5014 kB, estimate=5654 kB; lsn=0/1409AFC8, redo lsn=0/1409AF90
2026-09-25 14:54:01.226 UTC [3228] ERROR:  migration repair history exists without its recognized source migration
2026-09-25 14:54:01.226 UTC [3228] CONTEXT:  PL/pgSQL function inline_code_block line 4 at RAISE
2026-09-25 14:54:01.226 UTC [3228] STATEMENT:  DO $q24_repairs$
	                    BEGIN
	                        IF to_regclass('rick_schema_migration_repairs') IS NOT NULL THEN
	                            RAISE EXCEPTION 'migration repair history exists without its recognized source migration';
	                        END IF;
	                    END $q24_repairs$;
2026-09-25 14:54:01.437 UTC [55] LOG:  checkpoint starting: immediate force wait
2026-09-25 14:54:01.437 UTC [55] LOG:  checkpoint complete: wrote 5 buffers (0.1%); 0 WAL file(s) added, 0 removed, 0 recycled; write=0.001 s, sync=0.001 s, total=0.001 s; sync files=4, longest=0.001 s, average=0.001 s; distance=5012 kB, estimate=5590 kB; lsn=0/145801F8, redo lsn=0/145801C0
2026-09-25 14:54:01.940 UTC [3254] ERROR:  new row for relation "rick_outbox" violates check constraint "rick_outbox_event_id_nonblank_check"
2026-09-25 14:54:01.940 UTC [3254] DETAIL:  Failing row contains (   , tenant-a, rick_user, target, admin.audit.completion, {}, null, 0, 2026-09-25 14:54:01.93814+00, 2026-09-25 14:54:01.93814+00, null, null, 0).
2026-09-25 14:54:01.940 UTC [3254] STATEMENT:  
	            INSERT INTO rick_outbox
	                (event_id,tenant_id,aggregate_type,aggregate_id,event_type,payload)
	            VALUES ('   ','tenant-a','rick_user','target','admin.audit.completion','{}'::jsonb)
	        
2026-09-25 14:54:02.161 UTC [3275] ERROR:  synthetic admin audit rejection
2026-09-25 14:54:02.161 UTC [3275] CONTEXT:  PL/pgSQL function reject_admin_audit_outbox() line 4 at RAISE
2026-09-25 14:54:02.161 UTC [3275] STATEMENT:  
	                INSERT INTO rick_outbox
	                    (event_id, tenant_id, aggregate_type, aggregate_id, event_type, payload)
	                VALUES ($1, $2, 'rick_user', $3, 'admin.audit.completion', CAST($4 AS jsonb))
	                
2026-09-25 14:54:02.400 UTC [3299] ERROR:  synthetic admin audit rejection
2026-09-25 14:54:02.400 UTC [3299] CONTEXT:  PL/pgSQL function reject_admin_audit_outbox() line 4 at RAISE
2026-09-25 14:54:02.400 UTC [3299] STATEMENT:  
	                INSERT INTO rick_outbox
	                    (event_id, tenant_id, aggregate_type, aggregate_id, event_type, payload)
	                VALUES ($1, $2, 'rick_user', $3, 'admin.audit.completion', CAST($4 AS jsonb))
	                
2026-09-25 14:54:02.427 UTC [3301] ERROR:  synthetic admin audit rejection
2026-09-25 14:54:02.427 UTC [3301] CONTEXT:  PL/pgSQL function reject_admin_audit_outbox() line 4 at RAISE
2026-09-25 14:54:02.427 UTC [3301] STATEMENT:  
	                INSERT INTO rick_outbox
	                    (event_id, tenant_id, aggregate_type, aggregate_id, event_type, payload)
	                VALUES ($1, $2, 'rick_user', $3, 'admin.audit.completion', CAST($4 AS jsonb))
	                
2026-09-25 14:54:02.479 UTC [3304] ERROR:  synthetic admin audit rejection
2026-09-25 14:54:02.479 UTC [3304] CONTEXT:  PL/pgSQL function reject_admin_audit_outbox() line 4 at RAISE
2026-09-25 14:54:02.479 UTC [3304] STATEMENT:  
	                INSERT INTO rick_outbox
	                    (event_id, tenant_id, aggregate_type, aggregate_id, event_type, payload)
	                VALUES ($1, $2, 'rick_user', $3, 'admin.audit.completion', CAST($4 AS jsonb))
	                
2026-09-25 14:54:04.157 UTC [3397] FATAL:  terminating connection due to administrator command
2026-09-25 14:54:04.157 UTC [3397] CONTEXT:  SQL statement "SELECT pg_sleep(30)"
	PL/pgSQL function delay_admin_audit_projection() line 4 at PERFORM
2026-09-25 14:54:04.157 UTC [3397] STATEMENT:  
	            INSERT INTO rick_audit_events
	                (event_id, tenant_id, actor_user_id, action, target_type, target_id,
	                 workspace_id, request_id, metadata, occurred_at)
	            VALUES ($1,$2,$3,$4,$5,$6,$7,$8,CAST($9 AS jsonb),NOW())
	            ON CONFLICT (event_id) DO NOTHING
	            RETURNING event_id
	            
2026-09-25 14:54:05.233 UTC [3437] LOG:  unexpected EOF on client connection with an open transaction
2026-09-25 14:54:08.582 UTC [55] LOG:  checkpoint starting: immediate force wait
2026-09-25 14:54:08.583 UTC [55] LOG:  checkpoint complete: wrote 5 buffers (0.1%); 0 WAL file(s) added, 0 removed, 0 recycled; write=0.001 s, sync=0.001 s, total=0.001 s; sync files=4, longest=0.001 s, average=0.001 s; distance=5063 kB, estimate=5537 kB; lsn=0/14A720C8, redo lsn=0/14A72090
2026-09-25 14:54:09.900 UTC [55] LOG:  checkpoint starting: immediate force wait
2026-09-25 14:54:09.901 UTC [55] LOG:  checkpoint complete: wrote 5 buffers (0.1%); 0 WAL file(s) added, 0 removed, 0 recycled; write=0.001 s, sync=0.001 s, total=0.001 s; sync files=4, longest=0.001 s, average=0.001 s; distance=5000 kB, estimate=5484 kB; lsn=0/14F54358, redo lsn=0/14F54320
2026-09-25 14:54:12.306 UTC [55] LOG:  checkpoint starting: immediate force wait
2026-09-25 14:54:12.307 UTC [55] LOG:  checkpoint complete: wrote 5 buffers (0.1%); 0 WAL file(s) added, 0 removed, 1 recycled; write=0.001 s, sync=0.001 s, total=0.001 s; sync files=4, longest=0.001 s, average=0.001 s; distance=5071 kB, estimate=5442 kB; lsn=0/15447F90, redo lsn=0/15447F58
